Stock,Current Price,Previous Close,Volume,Market Cap,Day High,Day Low,52W High,52W Low,1M Return,3M Return,6M Return,RSI,SMA20,SMA50,MACD,ATR,Institutional Score,Confidence,Buy Probability,Composite Score,Trade Signal,Sector,Sector Rank,Sector Percentile,Market Leader,Relative Strength Score,Elite Stock
BHEL.NS,404.4,401.1,6974840,1408146399509.1719,405.25,396.0,417.8999938964844,205.1199951171875,21.58,55.15,41.77,69.95,379.29,314.46,26.35,14.34,100,95.0,90.25,95.08,STRONG BUY,Unknown,1.0,99.87,YES,39.73,YES
ADANIPOWER.NS,219.9,219.09,17764987,4240704247925.0645,220.25,216.19000244140625,234.39999389648438,105.41999816894531,8.34,45.72,45.19,60.16,221.15,186.68,8.64,8.28,100,95.0,90.25,95.08,STRONG BUY,Unknown,1.0,99.87,YES,34.29,YES
ADANIGREEN.NS,1362.1,1377.8,2203512,2243618600511.2383,1369.0,1348.0999755859375,1471.0,765.0,18.44,36.93,28.5,64.42,1314.49,1091.48,79.25,56.46,95,90.25,85.74,90.33,STRONG BUY,Unknown,2.0,99.48,YES,28.01,YES
ANTHEM.NS,779.85,787.35,1977198,438052532988.63293,819.6500244140625,765.2000122070312,873.5,579.1500244140625,5.7,12.67,20.45,56.65,776.56,717.12,20.13,27.22,93,88.35,83.93,88.43,STRONG BUY,Unknown,3.0,99.22,YES,13.69,NO
BSE.NS,4195.0,4190.8,3613704,1703711478015.0,4220.7001953125,4150.0,4298.89990234375,2021.5,19.32,32.04,44.88,78.84,3817.52,3342.71,227.17,115.87,90,85.5,81.22,85.57,STRONG BUY,Unknown,4.0,98.84,YES,33.36,YES
ADANIENSOL.NS,1336.6,1329.5,1842860,1604312968391.0,1339.9000244140625,1307.5,1463.6500244140625,744.9000244140625,6.13,31.46,34.52,57.34,1364.45,1172.74,37.43,63.33,90,85.5,81.22,85.57,STRONG BUY,Unknown,4.0,98.84,YES,25.08,YES
AEQUS.NS,204.44,197.67,3214730,133878380958.16498,214.60000610351562,191.6699981689453,223.47000122070312,113.30000305175781,7.4,40.8,35.13,60.92,194.68,159.18,10.51,14.08,88,83.6,79.42,83.67,BUY,Unknown,5.0,98.32,YES,28.51,NO
BANDHANBNK.NS,189.7,191.21,3553906,305610101336.76337,191.4499969482422,187.6999969482422,212.66000366210938,134.25,7.7,12.74,25.45,50.77,194.98,176.62,4.89,6.42,88,83.6,79.42,83.67,BUY,Unknown,5.0,98.32,YES,16.31,NO
ACUTAAS.NS,2875.6,2886.5,295680,235518652659.78662,2909.800048828125,2849.0,2906.0,1059.0,19.28,40.27,65.99,67.58,2657.1,2444.74,125.77,106.27,86,81.7,77.61,81.77,BUY,Unknown,6.0,97.93,YES,44.26,NO
APARINDS.NS,12682.0,12327.0,60412,509414570830.0,12748.0,12141.0,13024.0,6801.0,8.26,32.38,37.38,59.76,12396.08,11131.65,376.19,502.26,85,80.75,76.71,80.82,BUY,Unknown,7.0,97.67,YES,27.14,NO
APOLLO.NS,359.8,340.7,66351188,128558313050.36743,369.3999938964844,340.75,357.70001220703125,133.30999755859375,25.4,49.67,27.0,73.4,307.84,254.2,20.36,19.75,83,78.85,74.91,78.92,BUY,Unknown,8.0,97.16,YES,33.32,NO
AUROPHARMA.NS,1520.5,1512.8,866216,874862089347.5,1539.0,1505.0999755859375,1530.0,1016.0999755859375,9.25,32.61,25.9,73.13,1457.36,1374.49,43.13,33.2,83,78.85,74.91,78.92,BUY,Unknown,8.0,97.16,YES,22.92,NO
ADANIPORTS.NS,1768.9,1762.8,930849,4075473304701.201,1774.5999755859375,1744.300048828125,1823.9000244140625,1290.5,10.97,13.87,18.63,64.36,1711.01,1540.28,65.76,49.89,83,78.85,74.91,78.92,BUY,Unknown,8.0,97.16,YES,14.9,NO
BIOCON.NS,433.9,428.15,2618998,702627862881.3857,434.54998779296875,425.20001220703125,435.75,327.6000061035156,20.03,15.64,9.81,79.31,386.71,375.09,17.81,11.59,80,76.0,72.2,76.07,BUY,Unknown,9.0,96.51,YES,14.62,NO
AEROFLEX.NS,389.2,381.8,1967866,51503136520.96582,394.8500061035156,373.25,458.70001220703125,158.0,34.62,102.9,112.53,64.51,344.73,291.75,27.78,25.18,80,76.0,72.2,76.07,BUY,Unknown,9.0,96.51,YES,86.27,NO
BHARATFORG.NS,1876.5,1857.3,729820,897133317948.0,1905.699951171875,1827.5999755859375,2044.0,1100.5,-1.02,12.06,30.88,49.61,1904.93,1822.61,21.86,63.8,78,74.1,70.39,74.16,WATCH,Unknown,10.0,95.99,YES,15.66,NO
ANGELONE.NS,323.75,328.0,5371027,295259604701.25,328.54998779296875,321.25,334.95001220703125,208.6300048828125,-0.09,17.26,16.9,61.26,313.62,276.38,8.58,11.71,78,74.1,70.39,74.16,WATCH,Unknown,10.0,95.99,YES,11.91,NO
ASTERDM.NS,760.0,748.9,288840,392871767360.0,763.0,742.0499877929688,770.0,519.0999755859375,11.81,27.14,14.73,67.06,729.48,690.14,19.99,21.99,76,72.2,68.59,72.26,WATCH,Unknown,11.0,95.61,YES,17.58,NO
BERGEPAINT.NS,507.5,507.7,145369,591746427090.0,511.8999938964844,496.6499938964844,605.0,391.1000061035156,5.6,10.69,-14.0,58.41,489.13,456.61,16.72,18.57,75,71.25,67.69,71.31,WATCH,Unknown,12.0,95.35,YES,-0.71,NO
BLISSGVS.NS,283.35,282.8,530823,29975305861.884644,284.8999938964844,278.54998779296875,296.29998779296875,118.0,9.48,32.56,75.39,60.94,274.74,247.88,9.48,12.31,73,69.35,65.88,69.41,WATCH,Unknown,13.0,94.44,YES,42.77,NO
ADANIENT.NS,2703.9,2725.0,972359,3519648830191.0977,2720.0,2685.10009765625,2803.10009765625,1753.0,21.47,21.01,10.54,71.7,2501.15,2199.68,139.94,86.55,73,69.35,65.88,69.41,WATCH,Unknown,13.0,94.44,YES,16.96,NO
BAJAJCON.NS,544.1,526.75,613689,71069425267.17615,551.7000122070312,519.0,560.2999877929688,168.25,18.57,39.87,95.47,66.56,498.15,430.08,30.57,27.46,73,69.35,65.88,69.41,WATCH,Unknown,13.0,94.44,YES,55.72,NO
ATHERENERG.NS,908.55,910.3,2626726,347958778407.7202,916.0499877929688,873.5999755859375,989.4000244140625,301.0,1.39,26.85,30.35,52.18,925.3,839.0,20.85,41.81,73,69.35,65.88,69.41,WATCH,Unknown,13.0,94.44,YES,20.61,NO
APOLLOPIPE.NS,513.85,509.1,437528,22567960008.350098,514.5999755859375,499.0,540.1500244140625,252.10000610351562,14.47,65.49,70.04,66.27,471.8,442.47,20.51,24.15,73,69.35,65.88,69.41,WATCH,Unknown,13.0,94.44,YES,52.0,NO
BAJAJ-AUTO.NS,10423.5,10205.0,274130,2910988908925.5,10437.0,10078.5,10785.0,7858.5,6.44,5.61,16.08,59.93,10126.95,9626.22,209.67,256.0,73,69.35,65.88,69.41,WATCH,Unknown,13.0,94.44,YES,10.05,NO
ANANDRATHI.NS,3503.9,3566.7,491208,290887701462.9419,3567.5,3480.10009765625,3735.0,1810.0,-4.18,18.47,22.31,47.89,3577.31,3375.49,38.43,80.57,71,67.45,64.08,67.51,WATCH,Unknown,14.0,93.41,YES,13.21,NO
ARVIND.NS,488.7,485.8,915872,128095427767.6416,498.75,477.45001220703125,489.8999938964844,274.79998779296875,25.4,36.13,36.32,80.41,423.62,387.58,25.7,19.24,71,67.45,64.08,67.51,WATCH,Unknown,14.0,93.41,YES,32.99,NO
ATGL.NS,610.75,623.3,2147976,671434055671.5,617.9500122070312,601.0999755859375,798.0,462.79998779296875,-0.63,12.63,0.28,50.09,628.71,580.45,7.0,26.21,70,66.5,63.17,66.56,WATCH,Unknown,15.0,92.51,YES,3.71,NO
AVALON.NS,1453.6,1356.7,4118211,97082594728.64099,1499.0,1335.0999755859375,1427.800048828125,777.2999877929688,34.07,38.0,43.69,74.14,1208.43,1069.47,90.22,79.81,70,66.5,63.17,66.56,WATCH,Unknown,15.0,92.51,YES,39.1,NO
ABCAPITAL.NS,345.0,351.2,5470687,904181139810.0,354.45001220703125,342.79998779296875,375.95001220703125,213.10000610351562,0.12,0.22,5.23,49.17,350.51,333.51,3.72,11.22,70,66.5,63.17,66.56,WATCH,Unknown,15.0,92.51,YES,2.19,NO
AGIIL.NS,380.35,381.35,2739756,47542757288.72351,400.8999938964844,375.1499938964844,434.3999938964844,162.5800018310547,3.93,54.21,34.71,53.37,379.25,345.39,10.83,25.07,70,66.5,63.17,66.56,WATCH,Unknown,15.0,92.51,YES,31.33,NO
BHARTIARTL.NS,1904.4,1913.5,4092331,11600598699941.168,1914.0,1897.699951171875,2174.5,1740.5,2.66,-5.35,-11.76,57.48,1848.0,1837.86,12.98,43.15,70,66.5,63.17,66.56,WATCH,Unknown,15.0,92.51,YES,-5.51,NO
BELRISE.NS,209.81,209.27,1069001,186705551100.96338,212.0,205.0500030517578,228.8000030517578,89.1500015258789,-4.22,9.38,27.93,49.75,214.14,202.72,1.27,7.34,68,64.6,61.37,64.66,HOLD,Unknown,16.0,91.47,YES,12.72,NO
AJANTPHARM.NS,3195.9,3248.2,33561,399281748540.85547,3258.0,3190.0,3314.89990234375,2329.89990234375,14.5,9.91,27.29,64.56,2997.03,2923.56,101.09,93.9,68,64.6,61.37,64.66,HOLD,Unknown,16.0,91.47,YES,18.24,NO
ATLANTAELE.NS,1639.2,1582.9,188741,126048943945.28198,1662.0,1568.199951171875,1901.800048828125,707.5999755859375,18.28,81.64,69.7,53.93,1692.74,1374.32,84.9,99.11,68,64.6,61.37,64.66,HOLD,Unknown,16.0,91.47,YES,57.86,NO
ASTRAMICRO.NS,1140.4,1092.7,480334,108275289441.19336,1150.9000244140625,1070.0999755859375,1195.9000244140625,851.0,2.64,26.94,14.81,59.92,1117.97,1039.04,19.31,41.48,66,62.7,59.56,62.75,HOLD,Unknown,17.0,90.57,YES,14.8,NO
AZAD.NS,2016.7,1913.2,446270,130241997954.69458,2019.0,1874.800048828125,2350.0,1360.0,8.27,23.34,15.88,49.94,2137.6,1824.82,45.9,105.93,66,62.7,59.56,62.75,HOLD,Unknown,17.0,90.57,YES,15.84,NO
BBOX.NS,929.0,945.1,521808,164893091895.0,959.0,926.2999877929688,966.0,435.04998779296875,75.48,59.58,74.12,86.35,738.37,596.15,99.69,41.64,66,62.7,59.56,62.75,HOLD,Unknown,17.0,90.57,YES,70.17,NO
BALRAMCHIN.NS,532.85,550.45,599339,107609284892.16943,561.0499877929688,531.6500244140625,627.7999877929688,393.54998779296875,4.72,15.54,16.48,55.06,529.0,506.1,11.22,20.53,66,62.7,59.56,62.75,HOLD,Unknown,17.0,90.57,YES,12.67,NO
ANTELOPUS.NS,753.5,750.3,127998,26494836753.0,785.0499877929688,751.9000244140625,789.9000244140625,357.0,23.06,29.47,50.49,63.15,697.18,626.35,39.16,40.46,65,61.75,58.66,61.8,HOLD,Unknown,18.0,89.53,NO,35.96,NO
ABBOTINDIA.NS,27605.0,27795.0,3258,586586981710.0,27950.0,27550.0,37000.0,25150.0,8.75,2.56,-6.69,62.48,26444.25,26319.2,503.1,585.62,65,61.75,58.66,61.8,HOLD,Unknown,18.0,89.53,NO,0.72,NO
BAJFINANCE.NS,920.0,923.55,4388986,5720446229120.0,921.8499755859375,908.4500122070312,1102.5,787.9000244140625,-2.01,-5.05,-10.56,49.15,931.53,901.21,1.42,23.72,65,61.75,58.66,61.8,HOLD,Unknown,18.0,89.53,NO,-6.34,NO
ASIANENE.NS,359.35,320.0,6462930,17458525940.280914,375.75,327.0,391.6499938964844,230.0,15.01,26.07,13.16,71.75,311.11,293.04,7.47,19.12,65,61.75,58.66,61.8,HOLD,Unknown,18.0,89.53,NO,17.59,NO
BLUSPRING.NS,73.69,69.85,832589,11010182508.865784,75.11000061035156,70.0,100.87999725341797,43.97999954223633,13.84,23.97,-1.14,69.85,66.66,59.72,2.59,3.67,63,59.85,56.86,59.9,HOLD,Unknown,19.0,88.5,NO,10.89,NO
BALAMINES.NS,1796.6,1708.8,831314,58211635808.95996,1840.9000244140625,1665.800048828125,1945.0,968.0999755859375,49.31,61.49,50.28,75.05,1460.82,1222.23,143.61,95.15,63,59.85,56.86,59.9,HOLD,Unknown,19.0,88.5,NO,53.35,NO
ASIANPAINT.NS,2607.8,2600.7,380673,2499952639309.8037,2614.0,2562.0,2985.699951171875,2115.0,2.52,9.0,-8.81,62.64,2527.89,2381.01,60.04,63.07,63,59.85,56.86,59.9,HOLD,Unknown,19.0,88.5,NO,-0.07,NO
APOLLOHOSP.NS,8110.0,8026.0,330847,1166093568270.0,8133.5,7814.5,8180.0,6696.5,4.73,8.18,9.4,64.61,7887.22,7664.68,129.17,153.3,63,59.85,56.86,59.9,HOLD,Unknown,19.0,88.5,NO,7.63,NO
AIIL.NS,505.0,496.7,885618,428858877500.0,511.6499938964844,486.0,683.0,400.0,8.25,1.44,-6.68,57.88,487.73,468.63,8.96,22.29,61,57.95,55.05,58.0,HOLD,Unknown,20.0,87.86,NO,0.23,NO
AYMSYNTEX.NS,227.0,227.83,5228,13305398657.0,234.97999572753906,226.92999267578125,279.3299865722656,141.52999877929688,12.74,15.32,33.94,53.9,232.33,205.47,6.45,12.84,60,57.0,54.15,57.05,HOLD,Unknown,21.0,87.08,NO,21.99,NO
AXISCADES.NS,2036.0,2044.5,45792,86593093604.0,2049.300048828125,2008.5,2211.0,930.5,6.22,56.57,34.58,58.07,2036.94,1754.7,78.55,86.58,60,57.0,54.15,57.05,HOLD,Unknown,21.0,87.08,NO,32.67,NO
ADFFOODS.NS,265.15,269.15,97218,29130331543.69583,274.70001220703125,264.04998779296875,301.6499938964844,153.10000610351562,18.22,18.7,25.63,61.46,265.42,217.89,13.62,13.55,60,57.0,54.15,57.05,HOLD,Unknown,21.0,87.08,NO,21.33,NO
ADVAIT.NS,1964.1,1890.4,34211,21480923438.688843,1968.9000244140625,1869.800048828125,2163.0,1351.0,5.48,20.27,41.12,51.95,2006.28,1831.15,18.28,101.98,60,57.0,54.15,57.05,HOLD,Unknown,21.0,87.08,NO,24.17,NO
AYE.NS,140.19,138.43,1773335,34276298163.551086,145.0,133.9199981689453,161.3800048828125,88.22000122070312,7.29,0.0,8.75,57.09,137.52,119.37,3.81,10.14,60,57.0,54.15,57.05,HOLD,Unknown,21.0,87.08,NO,5.69,NO
ABSLAMC.NS,1008.2,1036.9,128991,291466938558.0081,1036.800048828125,1001.5999755859375,1123.5,697.0,-2.86,17.12,35.35,47.1,1045.63,996.63,7.29,43.56,58,55.1,52.34,55.15,HOLD,Unknown,22.0,85.53,NO,18.42,NO
ABB.NS,6541.0,6329.0,317701,1386092680875.0,6548.0,6259.5,7822.5,4637.5,-9.47,12.74,27.6,44.57,6912.94,6619.62,-101.6,229.39,58,55.1,52.34,55.15,HOLD,Unknown,22.0,85.53,NO,12.02,NO
ACMESOLAR.NS,283.55,282.85,1494722,171658019174.6986,289.29998779296875,281.45001220703125,324.29998779296875,195.89999389648438,-4.29,23.96,16.12,48.67,293.37,275.21,-0.05,11.57,58,55.1,52.34,55.15,HOLD,Unknown,22.0,85.53,NO,12.35,NO
ANURAS.NS,1376.9,1361.4,185007,156757740818.49976,1379.4000244140625,1353.5999755859375,1415.0,932.7000122070312,5.19,5.0,16.77,63.27,1353.07,1298.82,21.1,36.27,58,55.1,52.34,55.15,HOLD,Unknown,22.0,85.53,NO,9.76,NO
BAJAJFINSV.NS,1772.2,1749.8,541141,2832876354246.4365,1776.5,1726.0,2195.0,1597.0,-4.28,-12.57,-15.43,49.48,1771.41,1766.85,-10.53,41.17,58,55.1,52.34,55.15,HOLD,Unknown,22.0,85.53,NO,-11.23,NO
ATUL.NS,7036.5,7050.0,22893,207166909057.5,7115.0,6938.0,7788.0,5560.5,7.31,5.59,16.11,58.43,6913.52,6567.52,125.15,199.15,58,55.1,52.34,55.15,HOLD,Unknown,22.0,85.53,NO,10.31,NO
AWL.NS,197.4,202.17,1019703,255391609606.8107,200.5,196.63999938964844,286.0,171.19000244140625,4.73,-5.82,-28.67,49.66,201.76,189.12,2.47,6.66,58,55.1,52.34,55.15,HOLD,Unknown,22.0,85.53,NO,-11.8,NO
BLSE.NS,200.54,201.12,240927,18179767992.940567,203.5,195.6300048828125,232.5,124.30000305175781,13.67,21.1,-8.52,64.97,193.57,170.7,6.82,8.53,55,52.25,49.64,52.3,HOLD,Unknown,23.0,82.56,NO,7.02,NO
ALKYLAMINE.NS,1784.3,1766.3,135732,91256334480.86816,1816.4000244140625,1738.0,2438.800048828125,1212.0,21.36,13.19,0.5,65.98,1629.02,1459.59,81.96,85.49,55,52.25,49.64,52.3,HOLD,Unknown,23.0,82.56,NO,10.56,NO
AEROENTER.NS,99.48,100.2,249432,11249696179.618835,100.80000305175781,98.29000091552734,114.80000305175781,62.20000076293945,13.99,21.13,18.56,58.32,97.97,84.44,4.72,5.68,55,52.25,49.64,52.3,HOLD,Unknown,23.0,82.56,NO,17.96,NO
AHLEAST.NS,171.99,160.1,43951,2973998890.026123,172.00999450683594,162.1999969482422,175.3000030517578,127.25,7.41,14.36,22.26,62.52,163.41,158.42,1.17,6.92,55,52.25,49.64,52.3,HOLD,Unknown,23.0,82.56,NO,15.44,NO
BOROSCI.NS,125.11,119.38,150953,11128165479.78897,125.19999694824219,118.87000274658203,190.7899932861328,96.63999938964844,7.65,17.82,-2.89,64.76,117.75,112.46,1.98,5.32,55,52.25,49.64,52.3,HOLD,Unknown,23.0,82.56,NO,6.48,NO
ATALREAL.NS,28.46,28.28,2239119,3526087161.5695953,28.81999969482422,28.260000228881836,29.75,14.65999984741211,13.43,6.55,18.53,64.67,27.48,25.11,0.98,1.06,55,52.25,49.64,52.3,HOLD,Unknown,23.0,82.56,NO,13.41,NO
APCOTEXIND.NS,505.0,508.45,45979,26181704800.0,515.4500122070312,500.1499938964844,559.9000244140625,310.45001220703125,26.08,36.21,25.92,70.79,449.35,397.15,31.27,21.72,55,52.25,49.64,52.3,HOLD,Unknown,23.0,82.56,NO,29.06,NO
AQYLON.NS,60.3,57.44,3336804,15299952574.418945,60.310001373291016,56.70000076293945,1714.9000244140625,39.2599983215332,27.54,-69.63,-49.42,58.39,52.51,59.59,-0.92,3.27,55,52.25,49.64,52.3,HOLD,Unknown,23.0,82.56,NO,-32.4,NO
ANLON.NS,550.0,550.0,0,3165232400.0,0.0,0.0,615.5,335.0,34.47,42.86,37.67,63.07,516.08,428.91,40.13,23.1,55,52.25,49.64,52.3,HOLD,Unknown,23.0,82.56,NO,38.27,NO
ASTEC.NS,746.6,738.75,94816,16635918346.800049,778.6500244140625,724.9000244140625,998.4000244140625,513.4000244140625,6.95,20.05,1.71,59.88,707.67,649.05,17.46,43.71,55,52.25,49.64,52.3,HOLD,Unknown,23.0,82.56,NO,8.78,NO
ARFIN.NS,89.17,89.21,1068633,15044983410.999908,89.88999938964844,85.0,106.19999694824219,31.43000030517578,-7.52,16.14,54.35,44.83,94.33,86.65,0.83,4.82,55,52.25,49.64,52.3,HOLD,Unknown,23.0,82.56,NO,24.33,NO
ASHIANA.NS,376.5,364.45,101394,37847608660.5,384.79998779296875,356.5,389.3999938964844,269.45001220703125,12.84,9.76,26.32,66.31,352.4,327.62,10.81,16.04,55,52.25,49.64,52.3,HOLD,Unknown,23.0,82.56,NO,17.31,NO
BAJAJHLDNG.NS,10423.0,10313.0,25905,1160012254730.0,10462.0,10171.0,14763.0,8588.0,0.91,-6.19,-11.27,55.0,10352.83,9992.66,67.56,299.64,55,52.25,49.64,52.3,HOLD,Unknown,23.0,82.56,NO,-6.09,NO
AMNPLST.NS,196.2,197.33,14918,10794923832.092285,199.77999877929688,193.0,272.0,127.0,21.33,13.73,-0.18,64.84,175.91,161.03,10.06,12.69,55,52.25,49.64,52.3,HOLD,Unknown,23.0,82.56,NO,10.45,NO
BHARTIHEXA.NS,1601.3,1611.6,99482,800650024414.0625,1623.0,1590.0,2052.89990234375,1439.300048828125,2.83,-5.21,-12.79,62.91,1523.62,1533.45,10.57,42.68,55,52.25,49.64,52.3,HOLD,Unknown,23.0,82.56,NO,-5.83,NO
BHAGYANGR.NS,293.35,286.5,143337,9385733445.281982,295.0,272.20001220703125,351.8999938964844,70.20999908447266,36.62,77.53,95.5,59.65,286.32,213.82,27.24,18.37,55,52.25,49.64,52.3,HOLD,Unknown,23.0,82.56,NO,72.44,NO
AUTOIND.NS,84.28,87.82,650872,3824238740.890106,89.48999786376953,83.55999755859375,96.38999938964844,48.349998474121094,26.91,3.13,28.83,64.38,72.83,66.43,4.27,5.92,53,50.35,47.83,50.39,HOLD,Unknown,24.0,79.97,NO,20.54,NO
BLS.NS,269.2,262.0,26536679,110827238377.52563,286.95001220703125,268.0,422.0,218.89999389648438,-8.04,-4.73,-15.78,47.43,275.11,268.62,-3.9,12.28,53,50.35,47.83,50.39,HOLD,Unknown,24.0,79.97,NO,-10.14,NO
ALIVUS.NS,1062.2,1061.6,41907,130373835672.46289,1079.300048828125,1052.0999755859375,1148.4000244140625,819.0,-0.55,11.6,16.74,51.59,1068.57,1019.2,11.99,39.64,53,50.35,47.83,50.39,HOLD,Unknown,24.0,79.97,NO,10.01,NO
AMAGI.NS,410.15,406.65,587220,88731416561.17188,438.79998779296875,397.6000061035156,450.79998779296875,310.20001220703125,9.4,0.16,17.77,57.55,409.42,374.96,9.36,20.27,53,50.35,47.83,50.39,HOLD,Unknown,24.0,79.97,NO,9.98,NO
AEGISLOG.NS,714.5,700.5,473084,250789500000.0,721.0,686.0,944.5999755859375,576.0999755859375,-3.51,-0.81,-8.11,57.46,701.32,658.15,5.73,29.04,51,48.45,46.03,48.49,AVOID,Unknown,25.0,79.33,NO,-4.54,NO
BHAGCHEM.NS,252.4,249.25,90517,32728475000.562744,254.0,243.64999389648438,331.0,170.60000610351562,6.83,13.35,-1.36,55.74,257.19,224.29,5.29,10.88,50,47.5,45.12,47.54,AVOID,Unknown,26.0,76.74,NO,5.51,NO
BIRDYS.NS,137.0,134.4,0,374990400.0,0.0,0.0,154.0,101.0,5.87,17.09,5.79,66.02,134.19,120.79,2.1,3.11,50,47.5,45.12,47.54,AVOID,Unknown,26.0,76.74,NO,9.2,NO
ACCORD.NS,50.5,48.1,0,99993600.0,0.0,0.0,50.599998474121094,19.850000381469727,32.37,80.36,120.52,78.41,45.12,35.37,3.23,1.63,50,47.5,45.12,47.54,AVOID,Unknown,26.0,76.74,NO,82.03,NO
AMEYA.NS,115.9,113.0,0,908625000.0,0.0,0.0,128.4499969482422,86.0,8.27,23.3,4.41,53.13,115.05,107.24,3.64,4.28,50,47.5,45.12,47.54,AVOID,Unknown,26.0,76.74,NO,11.24,NO
AVL.NS,538.65,551.45,69178,69560213785.28442,550.9500122070312,537.25,598.7000122070312,327.6000061035156,5.18,4.06,-0.18,54.89,538.45,499.43,13.25,20.22,50,47.5,45.12,47.54,AVOID,Unknown,26.0,76.74,NO,2.7,NO
AJAXENGG.NS,575.5,568.0,84671,65841113400.0,581.0,563.9500122070312,730.0999755859375,394.79998779296875,15.68,8.02,-11.48,66.71,535.74,496.55,15.58,22.43,50,47.5,45.12,47.54,AVOID,Unknown,26.0,76.74,NO,2.52,NO
ALKEM.NS,5434.0,5470.0,27996,649716210000.0,5507.5,5422.5,5933.5,4716.2001953125,-4.61,-7.0,-3.9,47.75,5457.58,5423.07,12.52,144.29,50,47.5,45.12,47.54,AVOID,Unknown,26.0,76.74,NO,-5.04,NO
ASHOKLEY.NS,152.37,151.38,17480164,894999189407.3096,153.27999877929688,148.8000030517578,215.4199981689453,114.95999908447266,-13.73,-26.16,4.19,36.22,161.42,167.45,-5.23,5.45,50,47.5,45.12,47.54,AVOID,Unknown,26.0,76.74,NO,-10.29,NO
AARTIDRUGS.NS,381.4,378.35,157557,34810377442.93213,386.3999938964844,370.1000061035156,564.0499877929688,318.95001220703125,5.48,1.64,-14.18,54.98,378.93,361.67,2.47,13.59,50,47.5,45.12,47.54,AVOID,Unknown,26.0,76.74,NO,-3.54,NO
BOSCHLTD.NS,36895.0,37130.0,27818,1088167847800.0,37380.0,36370.0,41945.0,28610.0,-2.37,3.71,-0.42,53.23,36962.5,34548.7,502.67,1005.27,50,47.5,45.12,47.54,AVOID,Unknown,26.0,76.74,NO,0.23,NO
ANSALAPI.NS,4.34,4.42,7591,683137185.858078,4.449999809265137,4.340000152587891,5.96999979019165,2.8399999141693115,24.0,37.78,23.3,71.79,4.02,3.63,0.25,0.09,50,47.5,45.12,47.54,AVOID,Unknown,26.0,76.74,NO,27.85,NO
BPCL.NS,291.0,286.45,7417292,1243322198334.0,292.8999938964844,280.04998779296875,391.6499938964844,266.6000061035156,-8.5,-24.92,-18.04,44.57,299.24,300.64,-5.41,9.78,50,47.5,45.12,47.54,AVOID,Unknown,26.0,76.74,NO,-17.24,NO
BANKINDIA.NS,137.67,138.64,9383618,626765776776.0361,138.5500030517578,136.5,178.36000061035156,108.80999755859375,-8.12,-17.63,-6.8,40.96,141.9,145.55,-2.19,4.14,50,47.5,45.12,47.54,AVOID,Unknown,26.0,76.74,NO,-10.44,NO
BCG.NS,10.01,9.54,4752781,20205404410.732994,10.010000228881836,9.630000114440918,22.0,7.96999979019165,4.27,-29.46,-22.58,61.58,9.46,9.33,-0.01,0.34,50,47.5,45.12,47.54,AVOID,Unknown,26.0,76.74,NO,-16.59,NO
BEL.NS,412.35,422.95,22770767,3014187344753.4995,420.0,407.0,473.45001220703125,361.20001220703125,-8.67,-5.36,-2.1,36.17,432.06,435.21,-4.66,10.99,50,47.5,45.12,47.54,AVOID,Unknown,26.0,76.74,NO,-5.05,NO
BANKA.NS,83.5,83.64,5701,907996284.5,83.5,81.97000122070312,97.87999725341797,41.0,14.54,37.65,9.31,64.48,80.38,65.7,4.78,2.89,50,47.5,45.12,47.54,AVOID,Unknown,26.0,76.74,NO,19.38,NO
AILIMITED.NS,42.0,42.0,0,566027580.0,0.0,0.0,85.8499984741211,23.75,11.41,76.84,-11.58,57.79,41.94,40.15,1.14,0.59,50,47.5,45.12,47.54,AVOID,Unknown,26.0,76.74,NO,21.84,NO
AIMTRON.NS,1071.5,1037.85,0,11131658772.5,0.0,0.0,1239.9000244140625,537.0,8.56,21.89,5.81,54.75,1074.76,929.07,43.6,66.51,50,47.5,45.12,47.54,AVOID,Unknown,26.0,76.74,NO,11.46,NO
BANKBARODA.NS,262.3,260.6,9055461,1356448236424.7202,263.75,256.6499938964844,325.5,230.52000427246094,-7.66,-9.92,-9.0,43.89,266.01,271.64,-3.55,7.08,50,47.5,45.12,47.54,AVOID,Unknown,26.0,76.74,NO,-8.87,NO
ARIS.NS,123.83,125.06,580824,10124495241.889313,128.5500030517578,122.94999694824219,159.0,82.18000030517578,-3.16,35.59,20.42,43.55,135.3,119.55,3.43,7.88,48,45.6,43.32,45.64,AVOID,Unknown,27.0,73.13,NO,17.9,NO
360ONE.NS,1096.6,1098.4,183045,445543328332.6831,1096.9000244140625,1076.0,1273.800048828125,906.0499877929688,-0.49,-3.11,-3.43,56.96,1074.75,1039.38,16.56,32.93,48,45.6,43.32,45.64,AVOID,Unknown,27.0,73.13,NO,-2.45,NO
APEX.NS,432.15,430.65,393049,13504687309.265137,442.3500061035156,417.79998779296875,514.5,208.74000549316406,-8.91,15.86,56.07,43.9,465.78,420.19,3.52,26.25,48,45.6,43.32,45.64,AVOID,Unknown,27.0,73.13,NO,24.51,NO
ASTRAZEN.NS,8628.5,8695.5,5273,215712500000.0,8815.0,8615.5,10691.0,7551.5,2.09,-4.85,-5.53,57.3,8421.1,8362.66,54.55,230.2,48,45.6,43.32,45.64,AVOID,Unknown,27.0,73.13,NO,-3.04,NO
AGARWALEYE.NS,460.25,456.85,37928,145879821927.0,464.95001220703125,448.20001220703125,568.0,327.0,2.08,1.0,-7.0,57.51,450.98,439.79,3.33,14.85,48,45.6,43.32,45.64,AVOID,Unknown,27.0,73.13,NO,-1.88,NO
BCLIND.NS,34.49,33.81,506972,10180184092.021866,35.16999816894531,33.61000061035156,49.29999923706055,25.530000686645508,5.9,8.43,-4.33,54.4,34.95,31.72,0.48,1.48,48,45.6,43.32,45.64,AVOID,Unknown,27.0,73.13,NO,2.57,NO
AIAENG.NS,3954.5,4002.6,11367,369035403165.0,4020.699951171875,3921.10009765625,4206.10009765625,3001.10009765625,-1.17,-3.75,2.99,54.69,3939.29,3788.41,20.66,121.7,48,45.6,43.32,45.64,AVOID,Unknown,27.0,73.13,NO,-0.28,NO
BIKAJI.NS,674.05,678.25,26012,169008867359.25293,676.2000122070312,670.0,818.7000122070312,592.5499877929688,3.05,-0.01,-6.52,54.61,672.35,645.61,4.36,19.48,48,45.6,43.32,45.64,AVOID,Unknown,27.0,73.13,NO,-1.7,NO
BOMDYEING.NS,120.05,120.86,486108,24794515375.294495,121.48999786376953,117.54000091552734,196.75,92.0,5.56,-2.44,-19.7,50.88,121.43,111.88,2.75,5.77,48,45.6,43.32,45.64,AVOID,Unknown,27.0,73.13,NO,-6.94,NO
AADHARHFC.NS,482.0,472.7,352593,210009188220.0,486.3500061035156,465.79998779296875,547.7999877929688,411.29998779296875,-2.56,1.99,-0.77,49.43,489.0,477.5,-1.37,16.3,46,43.7,41.52,43.74,AVOID,Unknown,28.0,71.83,NO,-0.48,NO
ABSMARINE.NS,236.55,229.75,0,8076950000.0,0.0,0.0,259.0,124.94999694824219,7.33,32.3,3.41,59.22,229.3,197.72,9.71,12.71,45,42.75,40.61,42.79,AVOID,Unknown,29.0,69.25,NO,13.25,NO
BLUECOAST.NS,32.7,31.56,4312,643521528.9143105,33.130001068115234,31.0,86.30999755859375,18.56999969482422,27.14,29.56,-29.17,66.79,30.93,25.34,1.82,2.14,45,42.75,40.61,42.79,AVOID,Unknown,29.0,69.25,NO,5.34,NO
AXISBANK.NS,1250.9,1238.3,2347669,3889482338283.794,1252.5,1226.5999755859375,1418.300048828125,1042.5,-9.2,-7.16,-2.67,42.4,1279.32,1273.4,-15.38,28.96,45,42.75,40.61,42.79,AVOID,Unknown,29.0,69.25,NO,-5.98,NO
AVANTEL.NS,154.22,151.34,1395045,40977927611.354065,155.0,148.41000366210938,215.0,117.05000305175781,-1.85,2.58,-3.21,52.4,154.8,145.52,1.54,7.25,45,42.75,40.61,42.79,AVOID,Unknown,29.0,69.25,NO,-1.06,NO
AERONEU.NS,91.21,93.55,93989,2352853136.3830566,95.4000015258789,89.62000274658203,125.37000274658203,63.209999084472656,15.82,22.07,18.67,58.65,86.29,79.23,3.06,6.55,45,42.75,40.61,42.79,AVOID,Unknown,29.0,69.25,NO,18.84,NO
ADVENZYMES.NS,385.2,386.3,190941,43133214346.89636,392.6000061035156,377.70001220703125,419.0,251.9499969482422,29.41,23.78,18.49,71.19,354.01,312.59,19.47,16.8,45,42.75,40.61,42.79,AVOID,Unknown,29.0,69.25,NO,23.35,NO
AMBUJACEM.NS,430.15,431.7,1423055,1068844097391.7795,430.6499938964844,425.1499938964844,624.9500122070312,394.0,-5.72,-20.53,-22.6,43.35,442.77,438.9,-4.48,13.21,45,42.75,40.61,42.79,AVOID,Unknown,29.0,69.25,NO,-16.92,NO
AUBANK.NS,963.1,971.9,1286294,720744331415.4218,968.9000244140625,948.0,1079.550048828125,680.7000122070312,-7.21,-2.74,4.76,40.79,1014.56,963.1,-0.17,25.55,45,42.75,40.61,42.79,AVOID,Unknown,29.0,69.25,NO,-1.08,NO
ASCOM.NS,256.2,264.9,0,1573214239.7,0.0,0.0,285.0,76.55000305175781,-5.98,55.27,122.78,50.8,263.29,247.86,2.6,8.72,45,42.75,40.61,42.79,AVOID,Unknown,29.0,69.25,NO,63.9,NO
ARISTO.NS,115.9,115.9,0,606915370.0,0.0,0.0,143.5500030517578,74.30000305175781,28.85,29.79,-5.39,65.92,116.08,97.27,5.83,1.7,45,42.75,40.61,42.79,AVOID,Unknown,29.0,69.25,NO,15.44,NO
ARMANFIN.NS,1706.2,1682.0,29161,17940284704.783936,1730.0,1620.0,1906.5999755859375,1270.0,12.72,6.56,0.34,53.87,1662.1,1548.64,57.5,93.63,45,42.75,40.61,42.79,AVOID,Unknown,29.0,69.25,NO,5.92,NO
ATMASTCO.NS,178.1,183.45,0,7568815140.0,0.0,0.0,268.0,98.0,19.65,22.07,-2.62,56.55,168.77,149.03,12.57,10.7,45,42.75,40.61,42.79,AVOID,Unknown,29.0,69.25,NO,11.47,NO
AAKASH.NS,8.96,8.91,65140,907200003.862381,9.130000114440918,8.90999984741211,13.789999961853027,7.059999942779541,9.8,12.7,0.56,66.39,8.39,8.68,0.14,0.38,45,42.75,40.61,42.79,AVOID,Unknown,29.0,69.25,NO,6.97,NO
AVG.NS,172.5,166.05,84316,2597456700.0,174.0,164.00999450683594,324.0,116.66000366210938,7.91,13.67,-14.73,56.95,167.4,158.25,1.77,10.26,45,42.75,40.61,42.79,AVOID,Unknown,29.0,69.25,NO,0.58,NO
BANSALWIRE.NS,316.15,315.05,38868,49495163269.2583,317.1000061035156,304.04998779296875,434.29998779296875,222.5,2.3,13.78,-1.53,59.57,306.41,278.39,7.48,13.86,45,42.75,40.61,42.79,AVOID,Unknown,29.0,69.25,NO,4.21,NO
ALGOQUANT.NS,57.16,58.45,1524413,16067448917.58815,60.0,55.4900016784668,71.01000213623047,47.79999923706055,3.93,-4.33,-17.34,48.48,57.64,55.85,1.06,2.99,45,42.75,40.61,42.79,AVOID,Unknown,29.0,69.25,NO,-7.06,NO
AKIKO.NS,270.0,270.8,0,826566800.0,0.0,0.0,299.29998779296875,62.0,20.91,27.36,-5.92,57.21,258.59,227.14,17.63,12.87,45,42.75,40.61,42.79,AVOID,Unknown,29.0,69.25,NO,12.11,NO
BAJAJHFL.NS,82.73,83.9,2110662,689030235715.1453,83.58999633789062,82.54000091552734,128.4499969482422,72.6500015258789,-9.12,-9.2,-22.25,38.91,86.6,84.49,-0.71,1.94,45,42.75,40.61,42.79,AVOID,Unknown,29.0,69.25,NO,-14.4,NO
BORORENEW.NS,516.1,525.2,1071876,72400147321.4176,518.9000244140625,495.1000061035156,721.0,374.3999938964844,0.81,2.98,-15.8,52.21,523.75,470.86,11.35,23.38,45,42.75,40.61,42.79,AVOID,Unknown,29.0,69.25,NO,-5.18,NO
AAVAS.NS,1362.6,1336.4,25915,108030663676.18616,1372.800048828125,1319.4000244140625,2152.89990234375,1060.4000244140625,-2.66,4.02,-16.69,51.12,1393.46,1274.97,18.35,45.59,43,40.85,38.81,40.89,AVOID,Unknown,30.0,65.37,NO,-6.27,NO
AARTIIND.NS,461.95,469.25,209327,167717652978.63977,469.45001220703125,460.3500061035156,523.0999755859375,338.04998779296875,2.38,-1.11,19.41,46.82,483.51,448.26,3.83,16.18,43,40.85,38.81,40.89,AVOID,Unknown,30.0,65.37,NO,8.14,NO
BBTC.NS,1511.2,1529.0,15355,105439291873.16895,1528.300048828125,1500.0,2155.0,1314.5999755859375,-1.11,-17.71,-20.51,49.36,1517.11,1497.5,0.82,46.28,43,40.85,38.81,40.89,AVOID,Unknown,30.0,65.37,NO,-13.85,NO
APLLTD.NS,744.7,751.1,36970,146380560842.2522,751.0999755859375,736.5499877929688,1107.9000244140625,635.7999877929688,-2.56,-7.42,-17.2,47.13,765.71,727.1,5.35,28.47,43,40.85,38.81,40.89,AVOID,Unknown,30.0,65.37,NO,-9.87,NO
ACE.NS,894.95,881.95,146516,106517018469.08179,899.0,868.0499877929688,1389.0,745.0999755859375,-1.96,-1.93,-7.38,51.56,897.64,869.82,2.41,31.65,43,40.85,38.81,40.89,AVOID,Unknown,30.0,65.37,NO,-4.12,NO
AEGISVOPAK.NS,199.15,199.1,133114,220656498271.70663,201.50999450683594,195.10000610351562,302.0,158.0,0.44,-9.11,-23.23,51.38,198.77,191.02,1.9,8.88,43,40.85,38.81,40.89,AVOID,Unknown,30.0,65.37,NO,-11.89,NO
AFFLE.NS,1442.3,1457.2,118631,202845983189.3181,1461.5,1423.800048828125,2185.89990234375,1251.300048828125,-1.41,-12.6,-16.1,46.89,1467.39,1420.31,13.15,56.29,43,40.85,38.81,40.89,AVOID,Unknown,30.0,65.37,NO,-10.64,NO
BLKASHYAP.NS,56.0,54.73,420686,12627014848.0,57.0,53.63999938964844,80.01000213623047,40.31999969482422,2.56,4.01,11.8,54.0,55.65,51.81,0.75,2.78,43,40.85,38.81,40.89,AVOID,Unknown,30.0,65.37,NO,6.69,NO
BEML.NS,1834.5,1826.4,139311,152793670500.0,1847.5999755859375,1773.0,2437.39990234375,1355.0,3.77,3.93,-6.54,53.85,1844.24,1683.94,32.51,71.94,43,40.85,38.81,40.89,AVOID,Unknown,30.0,65.37,NO,-0.31,NO
ARE&M.NS,812.0,817.2,160417,148616595568.0,817.9500122070312,804.0,1094.0,670.0,6.11,-10.51,-16.17,44.45,865.54,799.4,3.33,28.11,43,40.85,38.81,40.89,AVOID,Unknown,30.0,65.37,NO,-7.79,NO
APTUS.NS,255.4,254.55,217048,127889691718.10889,257.1499938964844,250.5,364.0,193.02999877929688,0.16,-0.14,-8.03,50.24,262.84,236.12,6.15,9.6,43,40.85,38.81,40.89,AVOID,Unknown,30.0,65.37,NO,-3.21,NO
BALKRISIND.NS,2149.5,2128.0,284859,415535299905.0,2168.800048828125,2107.89990234375,2801.300048828125,2015.4000244140625,-5.81,-20.87,-6.37,45.61,2191.68,2195.8,-26.95,73.15,41,38.95,37.0,38.98,AVOID,Unknown,31.0,63.82,NO,-10.55,NO
ASIANHOTNR.NS,298.55,295.05,12796,12728149997.524841,301.0,293.0,393.1499938964844,247.5,0.64,7.2,-10.55,52.1,296.47,295.92,0.58,10.29,40,38.0,36.1,38.03,AVOID,Unknown,32.0,61.76,NO,-1.87,NO
AMBIKCO.NS,1526.3,1530.2,3018,8738067779.541016,1547.0,1516.9000244140625,1700.0,1101.0,6.87,14.91,17.37,53.41,1540.48,1411.17,39.3,62.43,40,38.0,36.1,38.03,AVOID,Unknown,32.0,61.76,NO,13.48,NO
ASKAUTOLTD.NS,449.7,455.8,183088,88655029626.52588,463.95001220703125,447.0,578.5,375.29998779296875,2.61,0.09,-6.72,52.99,446.17,431.44,4.34,15.39,40,38.0,36.1,38.03,AVOID,Unknown,32.0,61.76,NO,-1.88,NO
BLUEJET.NS,437.2,437.2,197842,75839085927.49786,441.45001220703125,428.75,1027.800048828125,325.0,5.27,-1.12,-24.36,50.6,450.26,405.14,7.56,20.55,40,38.0,36.1,38.03,AVOID,Unknown,32.0,61.76,NO,-8.5,NO
BODALCHEM.NS,68.09,68.87,80941,8575530924.629059,69.41000366210938,67.4000015258789,81.48999786376953,42.810001373291016,0.75,32.75,22.24,53.75,68.88,60.71,1.85,3.18,40,38.0,36.1,38.03,AVOID,Unknown,32.0,61.76,NO,18.95,NO
BIRLACORPN.NS,975.65,992.4,27352,75130268680.56335,990.9000244140625,972.5499877929688,1535.300048828125,769.5999755859375,1.96,-11.18,-16.39,50.55,974.31,917.09,21.66,36.25,40,38.0,36.1,38.03,AVOID,Unknown,32.0,61.76,NO,-9.32,NO
ADOR.NS,1056.5,1055.2,4767,18386074047.5,1066.800048828125,1050.0999755859375,1260.0,848.0,1.79,-3.7,-4.83,55.47,1054.04,986.23,18.74,41.56,40,38.0,36.1,38.03,AVOID,Unknown,32.0,61.76,NO,-2.51,NO
ACCENTMIC.NS,425.25,428.35,0,6382437075.2,0.0,0.0,481.0,215.10000610351562,-1.9,26.92,34.0,48.37,439.58,400.75,10.43,20.66,40,38.0,36.1,38.03,AVOID,Unknown,32.0,61.76,NO,21.11,NO
BABAFP.NS,28.6,27.5,0,866115732.1999999,0.0,0.0,44.95000076293945,20.299999237060547,4.0,12.16,-9.21,64.41,27.23,25.35,0.39,0.87,40,38.0,36.1,38.03,AVOID,Unknown,32.0,61.76,NO,1.16,NO
ALLDIGI.NS,825.95,825.4,2956,12586095545.714722,830.5,807.0,1084.0,700.0,-3.24,-6.9,-2.59,52.78,825.36,798.72,1.41,28.17,40,38.0,36.1,38.03,AVOID,Unknown,32.0,61.76,NO,-4.08,NO
BHARATWIRE.NS,213.76,218.3,191250,14668833719.683075,217.22000122070312,210.60000610351562,262.0,148.00999450683594,-2.84,21.54,15.4,46.88,230.62,195.28,7.33,14.19,40,38.0,36.1,38.03,AVOID,Unknown,32.0,61.76,NO,11.77,NO
AVADHSUGAR.NS,473.5,481.85,2969,9478721870.0,481.0,471.04998779296875,573.9500122070312,306.04998779296875,-3.43,34.44,23.48,46.69,489.42,465.08,4.86,21.26,40,38.0,36.1,38.03,AVOID,Unknown,32.0,61.76,NO,18.7,NO
AKSHOPTFBR.NS,6.29,6.41,20713,1023370231.383565,6.289999961853027,6.289999961853027,10.180000305175781,3.819999933242798,9.97,14.57,-10.27,50.73,6.53,5.5,0.29,0.27,40,38.0,36.1,38.03,AVOID,Unknown,32.0,61.76,NO,3.25,NO
BAHETI.NS,606.9,606.15,0,2944662520.0,0.0,0.0,640.0,478.0,5.78,1.16,10.41,57.99,600.41,562.49,11.15,21.19,40,38.0,36.1,38.03,AVOID,Unknown,32.0,61.76,NO,6.25,NO
ANDHRSUGAR.NS,90.52,90.82,120974,12268663047.816696,92.29000091552734,89.41000366210938,107.2300033569336,66.5,0.72,23.93,13.46,48.27,96.35,84.26,1.37,4.71,40,38.0,36.1,38.03,AVOID,Unknown,32.0,61.76,NO,12.78,NO
BIRET.NS,321.01,321.58,0,218665310172.81,0.0,0.0,375.69000244140625,295.0,-1.06,-9.91,0.62,48.68,319.85,324.14,-0.95,4.75,38,36.1,34.3,36.13,AVOID,Unknown,33.0,58.66,NO,-3.04,NO
ABFRL.NS,62.56,62.46,731843,76097212804.21423,62.630001068115234,61.66999816894531,278.8500061035156,53.5099983215332,-2.93,-11.75,-20.18,47.19,64.01,61.68,-0.0,2.18,38,36.1,34.3,36.13,AVOID,Unknown,33.0,58.66,NO,-12.48,NO
ABDL.NS,530.35,531.5,147194,148344271753.9889,532.0,510.6499938964844,696.7999877929688,382.1000061035156,-7.51,3.82,-18.94,48.15,552.65,495.75,9.96,24.31,38,36.1,34.3,36.13,AVOID,Unknown,33.0,58.66,NO,-8.68,NO
AFIL.NS,9.05,8.82,863984,3862087219.3960953,9.239999771118164,8.699999809265137,10.100000381469727,3.9200000762939453,-5.93,81.73,17.23,52.67,9.08,8.7,0.08,0.44,38,36.1,34.3,36.13,AVOID,Unknown,33.0,58.66,NO,29.63,NO
ASHAPURMIN.NS,632.85,638.2,256861,60453688787.11987,638.5,624.7999877929688,924.9000244140625,366.1000061035156,0.61,1.1,-14.77,52.56,644.82,572.28,17.44,27.17,38,36.1,34.3,36.13,AVOID,Unknown,33.0,58.66,NO,-5.4,NO
BRITANNIA.NS,5350.0,5416.5,336241,1288645383600.0,5390.5,5321.5,6336.0,5279.5,-8.35,-11.11,-8.06,36.87,5584.62,5639.05,-89.76,120.1,38,36.1,34.3,36.13,AVOID,Unknown,33.0,58.66,NO,-9.06,NO
AETHER.NS,1081.5,1095.9,117925,143524674268.5,1106.9000244140625,1071.699951171875,1275.0999755859375,725.0,-8.62,10.2,20.76,37.64,1163.97,1130.93,-9.68,53.39,38,36.1,34.3,36.13,AVOID,Unknown,33.0,58.66,NO,8.78,NO
APLAPOLLO.NS,1842.0,1864.5,428035,511363470930.9607,1860.0,1821.699951171875,2301.39990234375,1492.0,-12.56,-19.24,7.02,36.23,1921.66,1972.92,-38.1,57.16,38,36.1,34.3,36.13,AVOID,Unknown,33.0,58.66,NO,-6.73,NO
APOLLOTYRE.NS,374.4,371.9,1279006,236838447588.62994,377.1499938964844,365.29998779296875,540.5,370.0,-15.28,-26.52,-27.39,28.22,405.6,417.19,-12.96,12.58,38,36.1,34.3,36.13,AVOID,Unknown,33.0,58.66,NO,-23.5,NO
AVANTIFEED.NS,1255.3,1267.4,297497,171029145991.61865,1277.0,1224.0999755859375,1593.800048828125,614.25,-14.2,5.18,48.03,38.95,1364.81,1311.2,-15.3,69.12,36,34.2,32.49,34.23,AVOID,Unknown,34.0,57.36,NO,16.51,NO
AARTIPHARM.NS,700.85,705.9,80908,63537482575.026,709.7000122070312,698.0999755859375,971.0,585.0,-0.83,-6.34,-1.47,45.93,730.16,689.82,2.99,26.39,35,33.25,31.59,33.28,AVOID,Unknown,35.0,55.43,NO,-2.74,NO
BIGBLOC.NS,54.32,54.37,36235,7690394696.79451,54.9900016784668,53.939998626708984,80.0,38.0,7.06,-5.94,6.24,53.58,52.51,50.32,1.77,3.2,35,33.25,31.59,33.28,AVOID,Unknown,35.0,55.43,NO,2.83,NO
BANSWRAS.NS,121.53,120.47,32496,4160225126.732788,126.5,117.0199966430664,165.49000549316406,93.7300033569336,7.55,3.85,-1.57,55.47,120.92,113.64,2.1,5.76,35,33.25,31.59,33.28,AVOID,Unknown,35.0,55.43,NO,2.79,NO
AURIGROW.NS,0.32,0.31,14465566,213196795.23468018,0.3199999928474426,0.30000001192092896,1.0,0.20000000298023224,-5.88,-13.51,-39.62,47.8,0.34,0.3,-0.0,0.01,35,33.25,31.59,33.28,AVOID,Unknown,35.0,55.43,NO,-21.66,NO
AMRUTANJAN.NS,551.0,557.35,6721,15923944631.0,555.0,546.0499877929688,790.9500122070312,486.0,-2.94,-15.02,-21.26,47.43,564.41,544.8,1.53,20.42,35,33.25,31.59,33.28,AVOID,Unknown,35.0,55.43,NO,-13.89,NO
AVTNPL.NS,67.05,68.08,15202,10210642664.733887,68.0,65.81999969482422,83.80000305175781,53.5,2.73,-5.11,-2.73,52.64,67.9,63.5,0.78,2.59,35,33.25,31.59,33.28,AVOID,Unknown,35.0,55.43,NO,-1.81,NO
BALMLAWRIE.NS,182.16,184.49,100479,31150061213.594788,183.1999969482422,181.61000061035156,238.1999969482422,148.36000061035156,2.5,3.04,-2.92,46.6,188.65,175.18,3.45,5.85,35,33.25,31.59,33.28,AVOID,Unknown,35.0,55.43,NO,0.49,NO
BALPHARMA.NS,80.99,78.29,30333,1289431389.2693481,83.0,78.0,111.18000030517578,60.0,4.25,15.55,4.18,57.84,78.31,73.77,1.54,3.88,35,33.25,31.59,33.28,AVOID,Unknown,35.0,55.43,NO,7.61,NO
BAJAJHIND.NS,18.08,17.72,9180744,42628771441.3952,18.34000015258789,17.540000915527344,29.639999389648438,14.850000381469727,-2.8,5.48,-13.66,44.74,19.22,17.87,-0.1,0.76,35,33.25,31.59,33.28,AVOID,Unknown,35.0,55.43,NO,-4.66,NO
BEPL.NS,94.1,94.15,198733,23417580706.272125,94.7300033569336,93.05999755859375,123.80000305175781,74.19999694824219,-8.51,9.55,2.6,48.13,96.61,91.37,0.51,3.15,35,33.25,31.59,33.28,AVOID,Unknown,35.0,55.43,NO,1.35,NO
BOHRAIND.NS,18.83,19.21,0,193895372.16,0.0,0.0,37.349998474121094,14.520000457763672,6.5,-1.05,-4.71,47.96,19.27,18.12,0.44,0.48,35,33.25,31.59,33.28,AVOID,Unknown,35.0,55.43,NO,-0.25,NO
ARVSMART.NS,600.0,589.5,20771,27520187400.0,600.5,584.5499877929688,757.0,486.79998779296875,0.85,-0.75,1.69,50.67,613.14,572.44,3.57,20.49,35,33.25,31.59,33.28,AVOID,Unknown,35.0,55.43,NO,0.71,NO
ASPIRE.NS,15.5,15.5,0,1646813000.0,0.0,0.0,39.29999923706055,10.199999809265137,5.08,-4.02,-19.48,48.47,16.52,13.99,0.42,0.43,35,33.25,31.59,33.28,AVOID,Unknown,35.0,55.43,NO,-7.47,NO
ASIANTILES.NS,62.76,62.3,1191142,18606788388.976078,62.849998474121094,60.779998779296875,79.05999755859375,48.400001525878906,-16.29,-12.15,-6.19,45.66,65.33,64.65,-1.75,3.06,35,33.25,31.59,33.28,AVOID,Unknown,35.0,55.43,NO,-11.01,NO
ALEMBICLTD.NS,87.72,89.84,286627,22524902265.61438,88.56999969482422,86.0199966430664,125.54000091552734,70.45999908447266,-6.45,-11.5,-11.35,44.49,91.57,86.32,0.36,2.66,33,31.35,29.78,31.38,AVOID,Unknown,36.0,53.1,NO,-9.93,NO
AKSHAR.NS,0.5,0.49,320173,393734250.0,0.5,0.49000000953674316,0.7599999904632568,0.36000001430511475,0.0,-1.96,-9.09,60.21,0.48,0.45,0.01,0.02,33,31.35,29.78,31.38,AVOID,Unknown,36.0,53.1,NO,-4.22,NO
ASAHIINDIA.NS,828.9,837.75,18553,211309155672.6084,835.4500122070312,820.7999877929688,1074.0,688.2999877929688,-2.93,-15.38,-16.89,47.86,835.46,836.79,-7.15,26.12,33,31.35,29.78,31.38,AVOID,Unknown,36.0,53.1,NO,-12.25,NO
20MICRONS.NS,179.78,165.18,851380,6343807286.485657,188.0,162.10000610351562,283.92999267578125,129.61000061035156,1.44,-1.07,-5.81,55.62,177.64,166.42,1.27,8.62,33,31.35,29.78,31.38,AVOID,Unknown,36.0,53.1,NO,-2.21,NO
AMBER.NS,7026.0,7128.5,418807,247454082942.0,7117.5,6938.0,8974.0,5400.5,-10.59,-8.71,-3.18,36.12,8080.3,7437.68,2.78,365.93,31,29.45,27.98,29.48,AVOID,Unknown,37.0,51.94,NO,-7.06,NO
ASTRAL.NS,1451.9,1448.9,611889,390053178218.5419,1472.699951171875,1431.5999755859375,1768.699951171875,1263.699951171875,-8.25,-8.81,-0.72,33.88,1542.13,1583.88,-22.74,50.91,31,29.45,27.98,29.48,AVOID,Unknown,37.0,51.94,NO,-5.41,NO
BDL.NS,1298.3,1311.8,594433,475908111648.5596,1299.9000244140625,1279.300048828125,2096.60009765625,1086.0,-5.58,1.22,-16.32,41.27,1375.78,1322.75,-4.13,45.35,31,29.45,27.98,29.48,AVOID,Unknown,37.0,51.94,NO,-7.84,NO
AFCONS.NS,306.1,315.75,430135,112578877793.87924,312.0,305.5,479.3999938964844,265.79998779296875,-8.89,-10.52,-23.21,40.26,329.96,309.34,0.85,16.3,31,29.45,27.98,29.48,AVOID,Unknown,37.0,51.94,NO,-15.11,NO
ABLBL.NS,100.57,103.24,490565,122156161995.34184,103.98999786376953,100.0999984741211,175.0,87.91000366210938,-3.97,-12.0,-23.94,44.3,105.52,101.4,0.01,4.46,31,29.45,27.98,29.48,AVOID,Unknown,37.0,51.94,NO,-14.37,NO
ANUP.NS,1945.9,1955.5,9608,38979230178.44946,1971.800048828125,1912.0,2954.89990234375,1422.300048828125,-4.06,-8.02,-19.02,46.23,2062.82,1849.22,11.02,82.34,30,28.5,27.07,28.52,AVOID,Unknown,38.0,48.71,NO,-11.23,NO
ASHOKAMET.NS,15.99,16.05,6544,399686034.2788696,16.290000915527344,15.800000190734863,21.0,12.130000114440918,-0.12,12.84,-4.82,50.83,16.24,15.21,0.15,0.92,30,28.5,27.07,28.52,AVOID,Unknown,38.0,48.71,NO,1.89,NO
63MOONS.NS,692.0,697.4,187911,79693147536.0,718.8499755859375,682.0,1130.0,467.0,-4.94,-1.31,-8.5,54.0,707.41,621.73,11.06,36.65,30,28.5,27.07,28.52,AVOID,Unknown,38.0,48.71,NO,-5.28,NO
ATULAUTO.NS,485.45,496.95,84469,13471859214.760742,495.8500061035156,483.1000061035156,554.0,380.04998779296875,3.47,-2.98,6.02,51.16,492.3,454.56,10.28,20.68,30,28.5,27.07,28.52,AVOID,Unknown,38.0,48.71,NO,2.55,NO
AURUM.NS,175.48,175.49,35734,13379547204.204391,176.0,172.5,225.6999969482422,151.89999389648438,-4.06,-0.67,7.19,48.05,178.95,173.86,-0.4,6.15,30,28.5,27.07,28.52,AVOID,Unknown,38.0,48.71,NO,1.46,NO
3IINFOLTD.NS,17.63,17.61,120573,3656528238.149832,17.719999313354492,17.25,27.399999618530273,12.680000305175781,-0.11,9.91,1.67,59.02,17.58,15.84,0.39,0.55,30,28.5,27.07,28.52,AVOID,Unknown,38.0,48.71,NO,3.61,NO
ALPEXSOLAR.NS,980.85,937.85,0,20531958930.0,0.0,0.0,1449.699951171875,660.0,-4.69,6.57,-18.73,50.09,1029.55,904.12,5.63,53.9,30,28.5,27.07,28.52,AVOID,Unknown,38.0,48.71,NO,-6.93,NO
BAJEL.NS,176.0,173.9,127915,20362660560.0,176.99000549316406,171.3000030517578,263.8999938964844,135.10000610351562,-1.08,6.93,-2.96,50.56,180.1,168.09,1.02,8.48,30,28.5,27.07,28.52,AVOID,Unknown,38.0,48.71,NO,0.57,NO
AMANTA.NS,126.04,132.36,71124,4894051435.589333,131.0,125.5,154.39999389648438,92.0,-8.04,15.46,7.87,47.19,133.29,117.7,2.52,6.87,30,28.5,27.07,28.52,AVOID,Unknown,38.0,48.71,NO,5.37,NO
AGI.NS,574.0,577.8,153996,37136296694.0,587.25,570.9000244140625,1009.0,465.0,0.89,-11.08,-25.44,45.79,605.53,554.72,3.66,23.89,30,28.5,27.07,28.52,AVOID,Unknown,38.0,48.71,NO,-13.23,NO
ACEINTEG.NS,19.9,19.09,6677,202979996.1090088,19.899999618530273,19.100000381469727,29.940000534057617,14.199999809265137,8.98,2.42,-13.96,53.12,20.08,18.39,0.2,1.43,30,28.5,27.07,28.52,AVOID,Unknown,38.0,48.71,NO,-2.16,NO
BHARATSE.NS,184.21,181.43,113285,11568388421.63086,187.19000244140625,176.0,239.4499969482422,96.55000305175781,2.23,9.37,1.8,50.17,186.69,174.98,2.65,11.14,30,28.5,27.07,28.52,AVOID,Unknown,38.0,48.71,NO,4.2,NO
BHARATRAS.NS,1394.0,1414.3,3064,23169774368.0,1411.0,1388.199951171875,3000.0,1203.0,-9.6,-24.99,-45.96,45.98,1406.55,1393.36,-12.19,53.93,30,28.5,27.07,28.52,AVOID,Unknown,38.0,48.71,NO,-28.76,NO
AHLWEST.NS,681.6,649.15,2697,7941464451.546631,681.5999755859375,681.5999755859375,649.1500244140625,137.0,205.51,0.0,373.83,100.0,446.11,0.0,110.0,20.81,30,28.5,27.07,28.52,AVOID,Unknown,38.0,48.71,NO,211.18,NO
ALLTIME.NS,240.61,235.39,38828,15761826504.562775,241.6999969482422,232.8300018310547,334.8999938964844,186.0,2.51,-9.27,-13.96,51.26,244.94,224.48,3.43,12.65,30,28.5,27.07,28.52,AVOID,Unknown,38.0,48.71,NO,-7.61,NO
ALOKINDS.NS,12.37,12.88,7038476,61420023192.14333,12.880000114440918,12.3100004196167,23.5,11.109999656677246,-11.2,-21.81,-27.96,31.63,13.73,13.36,-0.16,0.52,30,28.5,27.07,28.52,AVOID,Unknown,38.0,48.71,NO,-21.09,NO
BANARISUG.NS,3633.0,3652.3,299,45556730100.0,3661.199951171875,3616.60009765625,4373.7998046875,3105.199951171875,-0.23,0.88,-0.59,50.24,3637.62,3624.46,-0.31,64.49,30,28.5,27.07,28.52,AVOID,Unknown,38.0,48.71,NO,-0.04,NO
AKUMS.NS,514.4,519.8,199917,78755702373.04321,523.6500244140625,510.3500061035156,622.9500122070312,409.29998779296875,-3.54,9.74,22.03,44.74,535.68,511.84,1.55,21.07,30,28.5,27.07,28.52,AVOID,Unknown,38.0,48.71,NO,10.67,NO
AAREYDRUGS.NS,84.0,85.38,79384,2381761452.0,86.9000015258789,81.12000274658203,100.0,47.7599983215332,-1.11,28.58,-11.18,48.82,89.59,76.1,2.81,4.62,30,28.5,27.07,28.52,AVOID,Unknown,38.0,48.71,NO,3.77,NO
ARCHIDPLY.NS,80.17,79.99,779,1603637827.7634735,80.91999816894531,76.5,120.4000015258789,60.0,5.63,-12.93,-13.8,46.75,83.51,77.64,0.91,5.08,30,28.5,27.07,28.52,AVOID,Unknown,38.0,48.71,NO,-7.71,NO
APTECHT.NS,99.7,98.27,386608,5782880677.88945,101.25,98.56999969482422,172.0,69.0999984741211,0.32,7.05,-4.89,52.79,103.19,90.63,1.74,4.47,28,26.6,25.27,26.62,AVOID,Unknown,39.0,45.48,NO,0.25,NO
BASF.NS,3618.0,3809.9,63530,156607445520.0,3849.0,3606.0,5400.0,3122.199951171875,-2.04,-6.02,-17.19,44.59,3751.58,3572.25,56.03,146.36,28,26.6,25.27,26.62,AVOID,Unknown,39.0,45.48,NO,-9.29,NO
AHCL.NS,13.37,13.47,747112,7106355489.1729355,13.600000381469727,13.289999961853027,17.274999618530273,9.07800006866455,-6.08,8.76,-14.47,49.97,13.64,12.86,0.11,0.73,28,26.6,25.27,26.62,AVOID,Unknown,39.0,45.48,NO,-4.98,NO
ASHOKA.NS,125.72,124.27,440583,35292523183.91971,126.25,122.26000213623047,230.8000030517578,101.0,-7.76,-21.53,-30.58,43.26,132.62,124.81,-0.78,4.57,28,26.6,25.27,26.62,AVOID,Unknown,39.0,45.48,NO,-21.02,NO
BHANDARI.NS,3.29,3.34,528803,1095426651.86872,3.4200000762939453,3.180000066757202,6.630000114440918,2.0,0.92,-22.59,-26.23,49.26,3.35,3.02,0.09,0.23,28,26.6,25.27,26.62,AVOID,Unknown,39.0,45.48,NO,-16.99,NO
ANANTRAJ.NS,484.2,482.45,883438,174252413899.02893,486.70001220703125,472.0,743.6500244140625,403.0,-5.87,-14.16,-21.75,44.86,505.0,484.44,-1.24,21.44,26,24.7,23.46,24.72,AVOID,Unknown,40.0,44.57,NO,-14.71,NO
BRIGADE.NS,682.2,661.4,322869,166880984713.10577,682.2000122070312,640.0999755859375,1332.0,601.0,-13.68,-14.99,-26.11,37.06,750.42,716.18,-17.63,27.37,26,24.7,23.46,24.72,AVOID,Unknown,40.0,44.57,NO,-19.05,NO
ARKADE.NS,113.97,114.16,41675,21160082656.130157,114.70999908447266,111.5,213.69000244140625,92.62000274658203,-0.04,-9.33,-31.84,44.92,118.47,112.04,0.34,4.08,25,23.75,22.56,23.77,AVOID,Unknown,41.0,41.6,NO,-15.55,NO
ASHIMASYN.NS,16.52,16.22,29098,3166224576.295021,16.850000381469727,16.209999084472656,35.79999923706055,11.5,2.23,-3.73,-14.27,54.39,16.31,14.96,0.4,1.04,25,23.75,22.56,23.77,AVOID,Unknown,41.0,41.6,NO,-6.16,NO
ANUHPHR.NS,80.9,79.76,50712,8108121752.9296875,82.44000244140625,78.75,114.9000015258789,67.0,-0.54,-3.67,0.81,52.58,81.25,78.2,0.23,3.09,25,23.75,22.56,23.77,AVOID,Unknown,41.0,41.6,NO,-0.94,NO
AMBICAAGAR.NS,23.87,23.82,265,410024552.4158478,24.0,23.5,32.38999938964844,20.0,1.14,-1.57,-8.26,51.71,23.79,23.47,0.04,1.23,25,23.75,22.56,23.77,AVOID,Unknown,41.0,41.6,NO,-3.43,NO
AUTOAXLES.NS,1748.9,1692.5,118676,26429326450.844604,1856.0,1695.0,2115.0,1540.199951171875,-3.05,-10.22,6.8,47.99,1789.74,1756.35,-22.01,69.42,25,23.75,22.56,23.77,AVOID,Unknown,41.0,41.6,NO,-1.26,NO
BLACKBUCK.NS,540.0,532.45,1914583,98224058700.0,558.9500122070312,528.2999877929688,748.0,420.0,-12.61,-13.81,-17.32,42.36,562.32,575.34,-14.94,24.34,25,23.75,22.56,23.77,AVOID,Unknown,41.0,41.6,NO,-14.85,NO
ABMINTLLTD.NS,47.99,45.73,723,451489935.7910156,48.0099983215332,43.45000076293945,78.20999908447266,34.0,-3.5,-15.27,-0.31,58.21,43.82,44.91,0.24,2.16,25,23.75,22.56,23.77,AVOID,Unknown,41.0,41.6,NO,-5.75,NO
AFSL.NS,201.04,201.0,15725,10211392212.583618,202.17999267578125,201.0,269.5,194.41000366210938,-0.96,-1.85,-4.55,46.23,202.36,202.33,-0.4,3.84,25,23.75,22.56,23.77,AVOID,Unknown,41.0,41.6,NO,-2.66,NO
BALKRISHNA.NS,18.63,18.72,16637,600249854.1202927,19.299999237060547,18.1299991607666,25.969999313354492,12.0,1.58,9.72,-15.47,57.47,18.54,16.83,0.41,1.03,25,23.75,22.56,23.77,AVOID,Unknown,41.0,41.6,NO,-2.8,NO
APS.NS,352.75,334.45,0,10267761000.0,0.0,0.0,654.0,261.0,-6.16,-9.38,-22.26,49.13,366.13,337.5,-0.44,16.28,25,23.75,22.56,23.77,AVOID,Unknown,41.0,41.6,NO,-13.57,NO
5PAISA.NS,309.6,313.1,16686,14513818253.328278,313.3500061035156,306.6000061035156,433.70001220703125,245.5,-2.94,-8.7,-13.18,45.36,325.81,307.39,-1.59,14.52,25,23.75,22.56,23.77,AVOID,Unknown,41.0,41.6,NO,-8.76,NO
ALKALI.NS,68.0,64.68,6866,692410408.0,69.0,64.0999984741211,117.79000091552734,46.79999923706055,3.5,-4.05,-19.56,57.98,66.29,61.91,0.59,3.17,25,23.75,22.56,23.77,AVOID,Unknown,41.0,41.6,NO,-7.99,NO
ALPHAGEO.NS,226.0,229.65,2719,1438437342.0,233.86000061035156,224.0,298.0,164.8000030517578,2.35,-0.7,-5.75,53.27,224.23,210.75,3.72,11.31,25,23.75,22.56,23.77,AVOID,Unknown,41.0,41.6,NO,-1.81,NO
ALLCARGO.NS,8.59,8.66,1623215,12865917277.252857,8.6899995803833,8.460000038146973,38.34000015258789,7.110000133514404,-8.32,-12.53,-44.54,38.47,9.31,8.64,-0.04,0.44,25,23.75,22.56,23.77,AVOID,Unknown,41.0,41.6,NO,-24.07,NO
BAFNAPH.NS,134.9,134.69,1418,3191239447.1131897,138.39999389648438,133.50999450683594,202.05999755859375,72.01000213623047,1.0,5.48,-19.27,54.83,134.2,124.77,2.35,6.68,25,23.75,22.56,23.77,AVOID,Unknown,41.0,41.6,NO,-5.76,NO
AJMERA.NS,119.54,120.06,201231,23609574370.729065,121.44000244140625,117.2300033569336,221.39999389648438,98.02999877929688,-3.95,-19.21,-41.26,45.49,124.6,119.31,-0.07,0.0,25,23.75,22.56,23.77,AVOID,Unknown,41.0,41.6,NO,-23.45,NO
AGNI.NS,20.0,20.55,0,1011902640.0,0.0,0.0,43.349998474121094,13.600000381469727,-5.66,4.17,-18.37,48.16,20.92,18.7,0.27,0.77,25,23.75,22.56,23.77,AVOID,Unknown,41.0,41.6,NO,-7.8,NO
BBL.NS,2707.0,2673.5,24508,30597545840.0,2762.0,2648.39990234375,3411.0,2051.699951171875,-4.19,6.49,-9.14,49.55,2858.9,2583.83,-12.3,126.89,25,23.75,22.56,23.77,AVOID,Unknown,41.0,41.6,NO,-2.97,NO
ADL.NS,76.01,75.9,2703,423090674.39079285,77.80000305175781,73.55000305175781,109.9000015258789,50.2599983215332,0.16,0.81,-3.32,55.37,74.56,70.27,0.79,5.32,25,23.75,22.56,23.77,AVOID,Unknown,41.0,41.6,NO,-1.04,NO
ACCURACY.NS,5.31,5.24,35953,799473591.3848877,5.360000133514404,5.25,9.609999656677246,3.4000000953674316,-2.75,2.31,-15.85,51.97,5.29,4.78,0.16,0.26,25,23.75,22.56,23.77,AVOID,Unknown,41.0,41.6,NO,-6.47,NO
BHARATGEAR.NS,112.21,109.73,16953,1722991044.1220245,113.80000305175781,106.6500015258789,154.1999969482422,82.05000305175781,3.02,-2.79,0.99,54.34,110.74,103.89,1.65,5.24,25,23.75,22.56,23.77,AVOID,Unknown,41.0,41.6,NO,0.46,NO
3MINDIA.NS,31190.0,31810.0,1812,351357533300.0,31700.0,31130.0,38030.0,27830.0,-0.92,-17.13,-12.6,42.16,32265.25,32053.1,-249.95,875.62,23,21.85,20.76,21.87,AVOID,Unknown,42.0,38.11,NO,-10.45,NO
BLUESTARCO.NS,1670.7,1682.0,190671,343483606926.4971,1686.4000244140625,1661.0,2040.0,1450.0,-10.65,-14.86,-6.9,42.85,1747.1,1752.66,-35.65,60.04,23,21.85,20.76,21.87,AVOID,Unknown,42.0,38.11,NO,-10.41,NO
BLUEDART.NS,4838.5,4911.0,7941,114807608659.0,4889.5,4830.0,7225.0,4683.0,-11.53,-17.09,-18.07,31.66,5314.86,5212.74,-99.4,148.22,23,21.85,20.76,21.87,AVOID,Unknown,42.0,38.11,NO,-15.81,NO
BAYERCROP.NS,4309.6,4354.2,11806,193682444072.07617,4363.0,4300.0,6511.0,4273.0,-10.64,-9.51,-5.83,31.01,4558.77,4623.85,-103.01,102.1,23,21.85,20.76,21.87,AVOID,Unknown,42.0,38.11,NO,-8.38,NO
BECTORFOOD.NS,179.56,184.16,279724,55123230488.71124,184.10000610351562,179.0,315.0,174.3800048828125,-12.99,-17.86,-31.71,36.19,193.22,190.23,-3.57,6.66,23,21.85,20.76,21.87,AVOID,Unknown,42.0,38.11,NO,-21.94,NO
ACC.NS,1351.7,1359.3,85758,253832034227.80005,1353.800048828125,1343.0,2028.800048828125,1251.699951171875,-6.0,-20.39,-26.99,39.19,1394.49,1393.88,-17.76,32.28,23,21.85,20.76,21.87,AVOID,Unknown,42.0,38.11,NO,-18.71,NO
AMDIND.NS,45.28,45.02,5789,867870371.3230896,46.400001525878906,44.79999923706055,68.06999969482422,33.77000045776367,0.51,0.51,-17.42,51.74,45.77,41.94,0.86,2.39,20,19.0,18.05,19.02,AVOID,Unknown,43.0,32.04,NO,-6.66,NO
ATAM.NS,70.31,70.91,9939,805963502.0141602,72.69000244140625,68.9000015258789,128.0,48.5,1.97,-3.38,-20.54,48.53,73.16,65.07,1.56,4.44,20,19.0,18.05,19.02,AVOID,Unknown,43.0,32.04,NO,-8.64,NO
ASPINWALL.NS,229.4,229.8,2488,1793515219.480957,233.0,220.0,315.0,200.25,1.91,0.25,-11.48,48.92,233.64,222.73,2.39,10.94,20,19.0,18.05,19.02,AVOID,Unknown,43.0,32.04,NO,-3.94,NO
BOSCH-HCIL.NS,1333.6,1362.4,7157,36261762238.56006,1359.9000244140625,1325.0,1530.0999755859375,1021.2999877929688,-0.93,-8.08,-10.18,43.67,1408.39,1323.62,8.87,54.06,20,19.0,18.05,19.02,AVOID,Unknown,43.0,32.04,NO,-6.78,NO
ASAHISONG.NS,238.51,239.22,3413,2811379794.870636,240.0500030517578,236.1999969482422,454.75,179.63999938964844,-0.77,0.06,-8.27,50.42,242.87,224.03,3.47,13.08,20,19.0,18.05,19.02,AVOID,Unknown,43.0,32.04,NO,-3.52,NO
ARCHIES.NS,14.5,14.82,7123,489810000.0,14.869999885559082,14.050000190734863,25.399999618530273,10.859999656677246,-0.96,-16.18,-24.56,47.18,14.97,14.26,0.06,0.93,20,19.0,18.05,19.02,AVOID,Unknown,43.0,32.04,NO,-14.97,NO
ANIKINDS.NS,43.9,42.14,1025,1218378077.7484589,43.900001525878906,40.61000061035156,116.9000015258789,32.5,2.57,-7.73,-40.23,50.3,44.49,42.0,0.22,2.66,20,19.0,18.05,19.02,AVOID,Unknown,43.0,32.04,NO,-17.64,NO
BPL.NS,54.93,54.48,13218,2690238017.376213,55.0,53.2599983215332,100.30000305175781,37.61000061035156,3.02,-7.49,-16.48,50.82,56.14,51.58,0.73,2.85,20,19.0,18.05,19.02,AVOID,Unknown,43.0,32.04,NO,-7.93,NO
ARTNIRMAN.NS,42.12,40.12,1727,1051146693.3441162,42.119998931884766,40.25,72.5,29.389999389648438,-3.97,-2.05,-14.36,53.9,42.01,39.91,-0.45,2.23,20,19.0,18.05,19.02,AVOID,Unknown,43.0,32.04,NO,-7.55,NO
ARVEE.NS,161.61,163.89,194,1780942206.7260742,167.1999969482422,161.39999389648438,290.7799987792969,129.11000061035156,-1.46,1.64,-2.62,49.01,165.48,157.28,0.71,10.1,20,19.0,18.05,19.02,AVOID,Unknown,43.0,32.04,NO,-0.99,NO
AROGRANITE.NS,25.4,25.17,1440,388619994.1635132,25.709999084472656,25.170000076293945,45.630001068115234,18.670000076293945,-7.1,-15.11,-22.73,45.46,26.6,24.98,0.0,1.66,20,19.0,18.05,19.02,AVOID,Unknown,43.0,32.04,NO,-15.76,NO
ATLASCYCLE.NS,100.47,99.54,3359,653440611.7992554,100.5999984741211,96.0,164.3699951171875,76.1500015258789,-6.44,6.07,1.73,52.28,101.25,94.12,0.88,4.98,20,19.0,18.05,19.02,AVOID,Unknown,43.0,32.04,NO,0.58,NO
ANKITMETAL.NS,1.58,1.62,9063,222954596.05580568,1.6299999952316284,1.5700000524520874,2.4800000190734863,1.2899999618530273,-0.63,-8.14,-8.14,48.17,1.61,1.56,0.01,0.09,20,19.0,18.05,19.02,AVOID,Unknown,43.0,32.04,NO,-5.89,NO
ANTGRAPHIC.NS,0.85,0.86,36581,131758163.69571686,0.8799999952316284,0.8299999833106995,1.6200000047683716,0.6399999856948853,1.19,-9.57,-16.67,51.58,0.85,0.82,0.0,0.06,20,19.0,18.05,19.02,AVOID,Unknown,43.0,32.04,NO,-9.18,NO
AUROIMPEX.NS,31.4,31.4,0,983384479.9999999,0.0,0.0,60.0,21.25,-9.64,-7.78,-12.66,45.49,32.98,30.92,-0.07,0.84,20,19.0,18.05,19.02,AVOID,Unknown,43.0,32.04,NO,-10.29,NO
ATLANTAA.NS,41.72,45.31,244958,3400180099.4873047,45.25,41.36000061035156,73.38999938964844,29.40999984741211,1.61,-6.33,-3.58,50.24,41.91,39.57,0.9,2.88,20,19.0,18.05,19.02,AVOID,Unknown,43.0,32.04,NO,-2.85,NO
BBTCL.NS,189.01,192.09,208,3876829359.7283936,193.0,189.0,229.35000610351562,149.0,-5.97,-3.41,-9.72,45.42,196.29,184.68,1.06,7.66,20,19.0,18.05,19.02,AVOID,Unknown,43.0,32.04,NO,-6.7,NO
BASML.NS,23.74,23.62,25114,1897333424.207449,23.989999771118164,23.309999465942383,38.20000076293945,17.049999237060547,2.37,-8.62,-19.96,51.16,24.16,22.09,0.39,1.07,20,19.0,18.05,19.02,AVOID,Unknown,43.0,32.04,NO,-9.86,NO
ADVANIHOTR.NS,52.84,52.71,13008,4884450354.104996,53.209999084472656,52.7400016784668,68.38999938964844,47.0,-3.91,-6.51,-3.06,46.15,53.88,52.56,-0.17,1.54,20,19.0,18.05,19.02,AVOID,Unknown,43.0,32.04,NO,-4.35,NO
APOLSINHOT.NS,1120.0,1100.4,547,2912448000.0,1155.0,1085.300048828125,1605.0,950.0,-2.59,-10.87,-13.21,48.22,1139.77,1107.64,-0.87,43.69,20,19.0,18.05,19.02,AVOID,Unknown,43.0,32.04,NO,-9.32,NO
ASAL.NS,481.0,482.7,5354,7630774957.0,484.0,474.29998779296875,654.6500244140625,374.5,-0.29,4.57,-6.07,46.87,507.67,462.71,3.58,21.29,20,19.0,18.05,19.02,AVOID,Unknown,43.0,32.04,NO,-1.14,NO
BGRENERGY.NS,281.5,268.1,85601,20313479140.0,281.5,265.0,490.79998779296875,94.0,-16.68,-16.43,-31.94,48.42,284.4,295.99,-11.01,14.82,20,19.0,18.05,19.02,AVOID,Unknown,43.0,32.04,NO,-22.71,NO
BFINVEST.NS,392.55,399.75,41806,14786426911.590088,399.70001220703125,390.29998779296875,547.0,315.0,-4.94,-7.14,-14.29,41.32,419.68,393.8,1.12,13.68,20,19.0,18.05,19.02,AVOID,Unknown,43.0,32.04,NO,-9.34,NO
ADSL.NS,122.78,124.56,79956,6945483798.786621,125.0,121.51000213623047,226.5500030517578,86.2699966430664,3.21,-4.54,-25.9,51.09,123.66,113.04,2.92,6.48,20,19.0,18.05,19.02,AVOID,Unknown,43.0,32.04,NO,-10.76,NO
BIRLACABLE.NS,158.0,161.14,65332,4740000000.0,160.99000549316406,154.0,215.1999969482422,104.0,4.84,3.43,6.1,50.52,163.09,143.56,5.38,8.85,20,19.0,18.05,19.02,AVOID,Unknown,43.0,32.04,NO,4.92,NO
BLUECHIP.NS,2.05,2.01,14394,113373894.36288357,2.049999952316284,2.049999952316284,5.800000190734863,1.7999999523162842,-7.66,-14.23,-41.09,50.07,1.94,2.27,-0.08,0.03,20,19.0,18.05,19.02,AVOID,Unknown,43.0,32.04,NO,-23.0,NO
BSL.NS,124.0,123.25,3952,1276228832.0,128.0,121.5,208.0,98.0,-0.9,-13.1,-33.76,48.43,126.06,122.29,0.33,6.11,20,19.0,18.05,19.02,AVOID,Unknown,43.0,32.04,NO,-17.7,NO
BMWVENTLTD.NS,61.55,60.11,44890,5337308183.841705,61.900001525878906,59.20000076293945,78.0,48.0,4.18,5.74,-11.54,49.45,63.42,59.6,0.31,2.48,20,19.0,18.05,19.02,AVOID,Unknown,43.0,32.04,NO,-1.64,NO
BLAL.NS,188.1,191.45,24385,7833330704.177856,193.75,187.00999450683594,235.0,155.5,-2.29,-0.47,-10.08,47.16,194.04,181.87,2.12,8.47,20,19.0,18.05,19.02,AVOID,Unknown,43.0,32.04,NO,-4.86,NO
ACL.NS,55.08,55.12,3918,5076841639.972229,55.91999816894531,55.0,109.98999786376953,40.5,-2.69,-7.34,-27.92,48.81,56.05,53.36,0.44,2.27,20,19.0,18.05,19.02,AVOID,Unknown,43.0,32.04,NO,-14.18,NO
BEACON.NS,97.5,97.6,0,2120820786.2,0.0,0.0,124.80000305175781,50.0,-0.81,8.33,19.41,50.2,101.61,87.64,3.37,6.73,20,19.0,18.05,19.02,AVOID,Unknown,43.0,32.04,NO,10.02,NO
BFUTILITIE.NS,513.4,524.7,25403,19338561134.819824,524.0,511.29998779296875,898.7000122070312,368.70001220703125,-7.16,-5.49,-24.57,43.37,561.42,492.28,5.48,22.0,20,19.0,18.05,19.02,AVOID,Unknown,43.0,32.04,NO,-13.62,NO
ALPA.NS,68.0,69.78,14074,1430760800.0,69.69999694824219,66.80000305175781,120.5,46.099998474121094,1.4,-8.33,-14.27,50.38,68.75,64.57,1.02,3.06,20,19.0,18.05,19.02,AVOID,Unknown,43.0,32.04,NO,-7.79,NO
AKASH.NS,27.0,26.77,13134,455288418.0,27.75,26.760000228881836,36.0,22.799999237060547,-0.26,8.83,2.54,52.64,27.06,26.01,0.04,1.2,20,19.0,18.05,19.02,AVOID,Unknown,43.0,32.04,NO,3.59,NO
AKSHARCHEM.NS,199.89,197.66,1681,1605736154.2069855,205.0,192.89999389648438,330.79998779296875,141.3000030517578,-3.07,-11.75,-19.72,50.65,202.65,188.41,2.12,9.18,20,19.0,18.05,19.02,AVOID,Unknown,43.0,32.04,NO,-12.33,NO
AGUL.NS,64.0,64.0,0,344943600.0,0.0,0.0,86.0,42.5,-2.07,-16.88,-7.91,57.71,59.75,66.38,-0.92,1.05,20,19.0,18.05,19.02,AVOID,Unknown,43.0,32.04,NO,-8.85,NO
BANG.NS,37.47,36.88,5091,508093216.5527344,38.5,36.79999923706055,64.01000213623047,26.610000610351562,-5.64,-16.97,-31.65,47.47,38.72,36.15,0.05,2.19,20,19.0,18.05,19.02,AVOID,Unknown,43.0,32.04,NO,-19.44,NO
BANCOINDIA.NS,588.2,590.55,50285,84134541606.06079,594.0,578.5,879.7999877929688,502.0,-4.1,-8.75,-22.94,44.68,614.24,584.14,-0.06,22.14,20,19.0,18.05,19.02,AVOID,Unknown,43.0,32.04,NO,-13.03,NO
AISL.NS,59.4,57.85,0,1521773400.0,0.0,0.0,117.25,54.150001525878906,4.21,-20.21,-31.33,53.5,57.23,60.38,-0.51,1.65,20,19.0,18.05,19.02,AVOID,Unknown,43.0,32.04,NO,-17.33,NO
BALAJEE.NS,30.8,30.5,10572,2512382179.366379,30.899999618530273,29.600000381469727,59.900001525878906,21.100000381469727,-7.31,-12.72,-24.91,46.34,32.08,29.39,0.12,1.8,20,19.0,18.05,19.02,AVOID,Unknown,43.0,32.04,NO,-15.97,NO
ALBERTDAVD.NS,707.95,716.45,554,4040385407.567505,709.2000122070312,704.8499755859375,957.5,579.9000244140625,-0.98,0.08,-11.64,45.51,737.7,700.79,3.49,28.98,20,19.0,18.05,19.02,AVOID,Unknown,43.0,32.04,NO,-4.93,NO
ABREL.NS,1275.6,1271.2,83911,141141562781.2544,1278.0,1245.800048828125,2537.89990234375,1080.0999755859375,-10.73,-11.56,-28.18,40.22,1416.64,1306.38,-22.09,61.0,18,17.1,16.25,17.12,AVOID,Unknown,44.0,26.36,NO,-17.96,NO
AURIONPRO.NS,791.15,730.9,451841,43682185607.48657,799.9500122070312,721.3499755859375,1665.9000244140625,719.5999755859375,-11.57,-20.28,-28.41,44.61,829.22,835.08,-28.03,40.17,18,17.1,16.25,17.12,AVOID,Unknown,44.0,26.36,NO,-20.92,NO
BSOFT.NS,320.1,320.9,553562,89463562494.64893,324.6499938964844,317.79998779296875,474.0,306.3999938964844,-18.84,-31.17,-17.67,33.51,350.99,360.23,-15.23,13.2,18,17.1,16.25,17.12,AVOID,Unknown,44.0,26.36,NO,-22.07,NO
AATMAJ.NS,19.85,19.85,0,604550000.0,0.0,0.0,25.5,16.950000762939453,-4.11,-3.41,0.76,45.17,20.57,20.06,0.17,0.83,15,14.25,13.54,14.26,AVOID,Unknown,45.0,22.35,NO,-1.95,NO
AARVI.NS,124.52,124.11,5215,1844228314.2814636,126.48999786376953,123.63999938964844,152.0,96.98999786376953,-5.65,-4.89,-11.29,46.53,126.52,127.53,-1.27,4.43,15,14.25,13.54,14.26,AVOID,Unknown,45.0,22.35,NO,-7.68,NO
ARIHANTCAP.NS,69.5,68.93,111001,7618089600.0,70.23999786376953,68.02999877929688,120.0,56.970001220703125,-2.93,-10.54,-28.55,46.7,70.88,69.55,-0.36,2.67,15,14.25,13.54,14.26,AVOID,Unknown,45.0,22.35,NO,-15.46,NO
BRIGHOTEL.NS,60.25,59.95,44494,22885514541.25,60.880001068115234,59.5,91.7699966430664,54.36000061035156,-10.83,-1.89,-23.33,35.44,64.44,62.05,-0.97,2.09,15,14.25,13.54,14.26,AVOID,Unknown,45.0,22.35,NO,-13.15,NO
ASTRON.NS,4.19,4.21,14806,198029022.94437027,4.420000076293945,4.190000057220459,20.93000030517578,3.259999990463257,-7.71,0.24,-43.45,46.14,4.31,4.16,-0.02,0.24,15,14.25,13.54,14.26,AVOID,Unknown,45.0,22.35,NO,-19.62,NO
ANMOL.NS,11.42,11.47,17472,649959597.342205,11.680000305175781,11.149999618530273,19.170000076293945,8.399999618530273,-7.38,-4.75,-22.1,45.16,11.9,11.31,-0.01,0.62,15,14.25,13.54,14.26,AVOID,Unknown,45.0,22.35,NO,-12.48,NO
ABINFRA.NS,12.89,12.82,1886112,8233995069.710922,13.4399995803833,12.369999885559082,23.559999465942383,11.180999755859375,-17.11,-39.82,-36.22,27.25,14.71,15.82,-0.87,0.97,15,14.25,13.54,14.26,AVOID,Unknown,45.0,22.35,NO,-31.57,NO
BCPL.NS,71.56,72.46,28186,1196743494.4508057,71.80000305175781,68.87999725341797,92.0,60.0,5.58,0.0,-1.0,42.07,77.39,0.0,0.68,5.44,15,14.25,13.54,14.26,AVOID,Unknown,45.0,22.35,NO,1.27,NO
AGARWALFT.NS,34.25,36.0,0,615334305.6,0.0,0.0,71.25,21.850000381469727,-9.63,7.03,-27.13,43.05,37.72,32.62,0.8,1.07,15,14.25,13.54,14.26,AVOID,Unknown,45.0,22.35,NO,-11.63,NO
ACCELYA.NS,1108.7,1120.2,3084,16548744841.878662,1129.199951171875,1101.0999755859375,1527.0,1012.4000244140625,-7.92,-8.82,-13.47,39.35,1153.0,1158.45,-14.43,28.89,15,14.25,13.54,14.26,AVOID,Unknown,45.0,22.35,NO,-10.41,NO
AFFORDABLE.NS,166.5,163.9,2360,1973208982.5,166.85000610351562,162.8000030517578,534.4000244140625,119.70999908447266,-10.34,-20.79,-24.95,45.45,173.65,165.84,-1.99,7.79,15,14.25,13.54,14.26,AVOID,Unknown,45.0,22.35,NO,-19.32,NO
BAGFILMS.NS,4.96,4.99,139641,1030281734.3238163,5.090000152587891,4.699999809265137,8.0,3.609999895095825,-6.06,-14.34,-23.34,46.77,5.11,4.88,-0.02,0.3,15,14.25,13.54,14.26,AVOID,Unknown,45.0,22.35,NO,-15.46,NO
AKG.NS,11.25,11.19,1531,357486480.0,11.550000190734863,11.140000343322754,16.81999969482422,9.079999923706055,-4.5,-22.36,-7.25,47.33,11.44,11.09,-0.04,0.59,15,14.25,13.54,14.26,AVOID,Unknown,45.0,22.35,NO,-10.96,NO
AHIMSA.NS,24.7,24.7,0,124806972.0,0.0,0.0,26.049999237060547,22.100000381469727,0.0,4.22,-3.33,46.58,24.7,24.77,-0.01,0.02,15,14.25,13.54,14.26,AVOID,Unknown,45.0,22.35,NO,-0.07,NO
AHLUCONT.NS,781.55,789.7,17549,52354126700.28076,792.2999877929688,774.25,1125.0,645.1500244140625,-9.85,-13.11,-22.63,35.27,845.45,790.74,-6.36,26.88,15,14.25,13.54,14.26,AVOID,Unknown,45.0,22.35,NO,-15.94,NO
BAWEJA.NS,31.95,33.5,0,1543261333.75,0.0,0.0,75.69999694824219,21.100000381469727,-7.26,-3.18,-24.38,49.92,33.58,30.57,-0.22,1.85,15,14.25,13.54,14.26,AVOID,Unknown,45.0,22.35,NO,-12.88,NO
BATAINDIA.NS,686.35,690.75,42017,88214873941.1206,688.4500122070312,680.4500122070312,1300.699951171875,605.0,-9.96,-24.16,-32.0,39.0,714.7,702.35,-8.98,17.86,15,14.25,13.54,14.26,AVOID,Unknown,45.0,22.35,NO,-23.04,NO
AIRAN.NS,16.35,16.31,12528,2044077047.6913452,16.770000457763672,16.309999465942383,32.650001525878906,12.630000114440918,-4.94,7.78,-21.88,47.35,16.87,16.22,-0.01,0.97,15,14.25,13.54,14.26,AVOID,Unknown,45.0,22.35,NO,-7.9,NO
BANARBEADS.NS,110.23,111.0,9014,731499750.3370209,114.5,109.58000183105469,164.6999969482422,96.80000305175781,-3.74,-13.81,-17.49,46.6,113.04,110.79,0.25,6.25,15,14.25,13.54,14.26,AVOID,Unknown,45.0,22.35,NO,-12.26,NO
BALAJITELE.NS,93.13,92.1,201477,11352760026.015358,94.1500015258789,90.5999984741211,141.32000732421875,69.5199966430664,-2.18,-3.56,-23.18,41.51,104.33,95.72,0.34,8.36,15,14.25,13.54,14.26,AVOID,Unknown,45.0,22.35,NO,-10.99,NO
AWHCL.NS,464.65,471.6,37696,13182901403.483002,477.25,463.04998779296875,693.0,372.5,-11.8,-12.38,-1.08,39.5,497.44,475.63,-5.32,18.21,15,14.25,13.54,14.26,AVOID,Unknown,45.0,22.35,NO,-7.69,NO
AKI.NS,4.91,4.86,41088,506741228.2120209,4.949999809265137,4.800000190734863,16.049999237060547,3.799999952316284,-3.73,-27.9,-36.56,46.94,5.04,4.88,-0.05,0.38,15,14.25,13.54,14.26,AVOID,Unknown,45.0,22.35,NO,-24.11,NO
ALMONDZ.NS,15.26,14.35,87964,2649849505.784588,16.200000762939453,13.989999771118164,26.600000381469727,10.680000305175781,-6.61,0.39,-10.55,46.78,16.21,14.95,-0.1,1.06,15,14.25,13.54,14.26,AVOID,Unknown,45.0,22.35,NO,-6.09,NO
ANDHRAPAP.NS,63.69,63.26,17443,12664768646.470814,63.88999938964844,62.66999816894531,90.0,58.0,-4.74,-5.76,-9.3,42.71,66.39,64.21,-0.25,2.27,15,14.25,13.54,14.26,AVOID,Unknown,45.0,22.35,NO,-6.87,NO
APCL.NS,113.95,115.84,2045,3347254268.1553345,115.0,111.6500015258789,155.0,98.3499984741211,-1.73,-19.3,-10.63,48.7,114.6,113.75,-0.37,5.22,15,14.25,13.54,14.26,AVOID,Unknown,45.0,22.35,NO,-10.56,NO
ARIHANTSUP.NS,240.5,245.15,61406,10401622835.5,244.35000610351562,235.0,465.0,188.8000030517578,-10.07,-15.06,-35.16,39.98,267.14,244.1,0.01,19.58,15,14.25,13.54,14.26,AVOID,Unknown,45.0,22.35,NO,-21.6,NO
AVSL.NS,119.7,119.7,0,1081417692.0,0.0,0.0,131.25,119.69999694824219,0.0,0.0,-0.25,9.35,119.7,119.7,-0.01,0.0,15,14.25,13.54,14.26,AVOID,Unknown,45.0,22.35,NO,-0.1,NO
AWFIS.NS,313.55,316.9,59809,22431520079.75299,318.1000061035156,310.25,718.9500122070312,229.0500030517578,-10.42,-18.67,-42.84,39.58,349.15,312.89,-0.66,18.4,15,14.25,13.54,14.26,AVOID,Unknown,45.0,22.35,NO,-25.86,NO
AMBEY.NS,25.75,27.1,0,1917163116.9999998,0.0,0.0,48.29999923706055,16.200000762939453,-4.81,-14.17,-38.69,38.1,31.52,25.71,0.08,1.46,10,9.5,9.03,9.51,AVOID,Unknown,46.0,16.02,NO,-21.17,NO
BOROLTD.NS,229.4,234.31,114118,27433401362.695038,231.0,221.16000366210938,397.95001220703125,213.72999572753906,-10.22,-7.2,-29.43,41.9,244.39,241.32,-4.85,11.56,10,9.5,9.03,9.51,AVOID,Unknown,46.0,16.02,NO,-17.0,NO
BONLON.NS,45.31,46.65,2119,742329973.4791183,47.470001220703125,44.709999084472656,57.0,34.5099983215332,-6.09,0.0,-2.87,41.19,50.51,44.41,0.54,2.87,10,9.5,9.03,9.51,AVOID,Unknown,46.0,16.02,NO,-2.98,NO
BAJAJINDEF.NS,269.0,277.9,15061,8608000000.0,275.95001220703125,267.29998779296875,580.25,207.25,-5.66,-8.1,-22.73,40.66,297.7,266.86,0.47,15.05,10,9.5,9.03,9.51,AVOID,Unknown,46.0,16.02,NO,-13.22,NO
ALICON.NS,646.6,653.05,3897,10563400345.151367,658.3499755859375,630.0,1022.0,580.0,-7.59,-18.62,-24.58,38.29,697.52,674.36,-6.59,33.19,10,9.5,9.03,9.51,AVOID,Unknown,46.0,16.02,NO,-17.7,NO
ARVINDFASN.NS,429.35,429.3,41723,57384770342.91531,431.3500061035156,424.54998779296875,579.0,366.20001220703125,-9.66,-10.67,-15.25,43.92,442.97,433.35,-4.43,17.35,10,9.5,9.03,9.51,AVOID,Unknown,46.0,16.02,NO,-12.2,NO
ARSSBL.NS,520.55,530.05,139140,32651628121.810913,527.4500122070312,517.25,794.8499755859375,416.0,-12.58,-9.67,-30.14,37.52,571.77,529.08,-6.06,22.45,10,9.5,9.03,9.51,AVOID,Unknown,46.0,16.02,NO,-18.73,NO
ASALCBR.NS,816.45,803.1,20613,16393663085.107422,818.2999877929688,793.0499877929688,1277.0,660.6500244140625,-10.67,-7.05,-15.45,39.95,874.57,817.25,-4.4,33.66,10,9.5,9.03,9.51,AVOID,Unknown,46.0,16.02,NO,-11.5,NO
BLBLIMITED.NS,15.65,15.84,31964,827341267.5335045,15.989999771118164,15.350000381469727,22.469999313354492,12.0,-8.85,12.43,-3.04,32.53,16.76,16.75,-0.31,0.73,10,9.5,9.03,9.51,AVOID,Unknown,46.0,16.02,NO,-0.14,NO
BIRLAMONEY.NS,134.1,134.68,21252,7577884199.004791,135.7899932861328,131.00999450683594,208.7100067138672,95.0,-11.08,-0.82,-15.2,44.39,143.37,130.1,0.71,6.32,10,9.5,9.03,9.51,AVOID,Unknown,46.0,16.02,NO,-9.65,NO
BEDMUTHA.NS,108.99,107.28,1153,3516440648.236908,110.0,106.0,186.66000366210938,94.55000305175781,-4.73,-20.51,2.67,45.04,111.31,113.55,-1.01,5.91,10,9.5,9.03,9.51,AVOID,Unknown,46.0,16.02,NO,-6.5,NO
BEWLTD.NS,64.5,67.85,0,18747146616.0,0.0,0.0,199.25,64.5,-29.08,-35.95,-49.29,26.84,82.9,84.46,-3.69,5.18,10,9.5,9.03,9.51,AVOID,Unknown,46.0,16.02,NO,-39.22,NO
BIRLANU.NS,1345.3,1357.2,2874,10144771792.907959,1357.5,1330.0999755859375,2428.300048828125,1190.0999755859375,-6.26,-25.86,-22.89,41.36,1448.8,1393.5,-8.22,82.74,10,9.5,9.03,9.51,AVOID,Unknown,46.0,16.02,NO,-18.79,NO
BAJAJELEC.NS,342.05,346.9,96502,39469391973.07196,346.0,339.20001220703125,711.0,330.0,-14.2,-12.24,-30.98,30.45,390.64,375.37,-5.85,16.01,10,9.5,9.03,9.51,AVOID,Unknown,46.0,16.02,NO,-20.32,NO
AGROPHOS.NS,30.6,29.68,17736,620387926.7339611,31.200000762939453,29.559999465942383,47.599998474121094,23.899999618530273,-8.22,-13.85,-25.84,45.36,31.39,31.4,-0.48,1.56,10,9.5,9.03,9.51,AVOID,Unknown,46.0,16.02,NO,-16.96,NO
BTML.NS,6.35,6.44,37258,1153780866.6219497,6.590000152587891,6.309999942779541,10.5,5.059999942779541,-0.63,-19.52,-29.68,46.83,6.41,6.49,-0.01,0.4,10,9.5,9.03,9.51,AVOID,Unknown,46.0,16.02,NO,-17.92,NO
BLUESTONE.NS,462.5,463.05,53760,70466933825.0,465.5,459.04998779296875,793.0,399.79998779296875,-13.77,4.17,-18.79,37.13,499.75,498.03,-9.35,20.93,10,9.5,9.03,9.51,AVOID,Unknown,46.0,16.02,NO,-10.4,NO
ACI.NS,524.6,538.8,72038,64766270478.27905,538.7999877929688,521.0,727.5999755859375,483.0,-12.48,-11.78,-5.31,29.09,590.65,588.33,-16.11,23.46,10,9.5,9.03,9.51,AVOID,Unknown,46.0,16.02,NO,-9.4,NO
BALUFORGE.NS,473.6,469.45,117067,57516592856.44455,476.95001220703125,461.70001220703125,784.0,341.04998779296875,-0.24,-6.82,-25.99,42.77,510.18,474.81,-0.36,21.42,10,9.5,9.03,9.51,AVOID,Unknown,46.0,16.02,NO,-12.51,NO
BASILIC.NS,210.0,216.45,0,13191024000.0,0.0,0.0,509.79998779296875,166.25,-15.03,-26.21,-38.24,36.8,233.7,218.74,-1.94,12.27,10,9.5,9.03,9.51,AVOID,Unknown,46.0,16.02,NO,-27.67,NO
BALAXI.NS,24.15,24.4,10284,1333261103.94001,24.979999542236328,23.889999389648438,63.900001525878906,15.199999809265137,-9.45,7.19,-32.88,40.63,26.76,23.1,0.33,1.48,10,9.5,9.03,9.51,AVOID,Unknown,46.0,16.02,NO,-13.83,NO
ALANKIT.NS,8.57,8.62,57339,2323824834.249115,8.739999771118164,8.380000114440918,18.079999923706055,6.800000190734863,-8.24,-10.07,-23.69,40.52,9.09,8.51,-0.03,0.39,5,4.75,4.51,4.75,AVOID,Unknown,47.0,11.76,NO,-14.97,NO
BESTAGRO.NS,16.79,16.81,170614,5954928093.71109,17.030000686645508,16.530000686645508,35.579986572265625,12.300000190734863,-9.1,-10.98,-16.19,44.34,17.95,16.45,-0.0,1.12,5,4.75,4.51,4.75,AVOID,Unknown,47.0,11.76,NO,-12.5,NO
AJOONI.NS,4.14,4.17,215759,713088472.7229986,4.159999847412109,4.110000133514404,6.599999904632568,3.549999952316284,-2.82,-19.46,-14.29,44.16,4.25,4.23,-0.03,0.13,5,4.75,4.51,4.75,AVOID,Unknown,47.0,11.76,NO,-12.4,NO
ARABIAN.NS,68.5,68.5,0,899134600.0,0.0,0.0,92.94999694824219,63.20000076293945,-6.16,-1.44,-7.43,42.0,70.26,70.85,-0.33,1.43,5,4.75,4.51,4.75,AVOID,Unknown,47.0,11.76,NO,-5.25,NO
ATL.NS,24.32,24.46,55621,7098018646.291603,24.790000915527344,24.1299991607666,40.5099983215332,18.200000762939453,-5.04,-3.3,-20.91,44.18,25.69,24.29,-0.01,1.29,5,4.75,4.51,4.75,AVOID,Unknown,47.0,11.76,NO,-10.87,NO
AUSOMENT.NS,117.05,121.0,1995,1594636803.1757812,124.94999694824219,115.12000274658203,178.0,93.0,-4.05,4.55,14.3,36.08,140.39,117.83,2.54,9.67,5,4.75,4.51,4.75,AVOID,Unknown,47.0,11.76,NO,5.87,NO
21STCENMGM.NS,30.5,30.92,2884,320250000.0,31.5,30.5,73.5,28.25,-7.72,-22.78,-23.54,28.99,34.31,32.68,-0.53,1.01,5,4.75,4.51,4.75,AVOID,Unknown,47.0,11.76,NO,-18.57,NO
ARIES.NS,352.45,356.4,5186,4583379439.294373,357.3500061035156,351.0,459.8999938964844,285.3500061035156,-7.65,6.84,-4.59,43.05,365.98,357.86,-2.92,13.98,5,4.75,4.51,4.75,AVOID,Unknown,47.0,11.76,NO,-2.08,NO
AARTISURF.NS,386.95,389.4,3259,3275529918.5824585,392.75,380.70001220703125,614.8499755859375,316.0,-2.01,-13.18,-12.79,44.46,409.82,385.6,-0.11,19.59,5,4.75,4.51,4.75,AVOID,Unknown,47.0,11.76,NO,-9.67,NO
ABAN.NS,17.89,17.89,0,1044155628.47,0.0,0.0,61.0,14.720000267028809,-5.79,-15.89,-49.45,43.35,17.97,20.67,-0.53,0.57,5,4.75,4.51,4.75,AVOID,Unknown,47.0,11.76,NO,-26.28,NO
BEARDSELL.NS,25.0,24.91,5101,985925000.0,25.5,24.219999313354492,38.599998474121094,20.020000457763672,-7.75,-15.11,-20.38,44.27,25.98,24.91,-0.05,1.66,5,4.75,4.51,4.75,AVOID,Unknown,47.0,11.76,NO,-15.01,NO
ARIHANTACA.NS,450.0,438.0,0,878306760.0000001,0.0,0.0,555.0,250.0,-6.03,2.27,-9.27,38.98,465.84,477.78,-10.58,12.68,5,4.75,4.51,4.75,AVOID,Unknown,47.0,11.76,NO,-4.84,NO
BORANA.NS,328.0,321.15,17798,8739656760.0,332.75,319.1499938964844,420.0,211.0,-13.71,-11.2,6.31,43.94,339.24,347.5,-6.89,16.95,0,0.0,0.0,0.0,AVOID,Unknown,48.0,5.17,NO,-4.95,NO
ARROWGREEN.NS,468.15,467.7,10270,7063418082.610535,475.8999938964844,462.04998779296875,817.9500122070312,341.95001220703125,-13.89,3.65,-16.53,37.43,528.99,486.44,-7.11,28.83,0,0.0,0.0,0.0,AVOID,Unknown,48.0,5.17,NO,-9.68,NO
BROOKS.NS,49.75,48.42,54648,1465498088.0,50.040000915527344,47.11000061035156,164.02000427246094,36.29999923706055,-22.31,-36.33,-52.69,41.26,53.97,57.23,-3.75,3.42,0,0.0,0.0,0.0,AVOID,Unknown,48.0,5.17,NO,-38.67,NO
AAATECH.NS,93.93,95.45,11066,1204821327.9144287,96.95999908447266,92.5,136.0,76.11000061035156,-9.03,-7.16,4.03,42.24,97.88,95.98,-1.0,4.27,0,0.0,0.0,0.0,AVOID,Unknown,48.0,5.17,NO,-3.24,NO
A2ZINFRA.NS,14.33,14.13,195014,2543895376.596119,14.600000381469727,13.899999618530273,23.25,13.119999885559082,-17.93,-1.65,-16.15,29.94,16.13,16.32,-0.57,0.75,0,0.0,0.0,0.0,AVOID,Unknown,48.0,5.17,NO,-12.33,NO
AARON.NS,125.7,123.7,3949,2632972220.676422,128.25999450683594,123.25,258.0,106.80000305175781,-9.85,-23.05,-35.02,33.27,135.56,137.81,-3.8,5.96,0,0.0,0.0,0.0,AVOID,Unknown,48.0,5.17,NO,-23.88,NO
AARTECH.NS,41.74,42.55,21643,1326095505.8255196,43.380001068115234,41.04999923706055,76.79000091552734,33.5099983215332,-19.23,-16.98,-16.64,42.46,45.78,44.49,-1.28,3.4,0,0.0,0.0,0.0,AVOID,Unknown,48.0,5.17,NO,-17.52,NO
AMJLAND.NS,39.0,38.44,3898,1599000000.0,39.97999954223633,38.0,68.9000015258789,30.299999237060547,-9.26,-7.58,-27.68,44.89,40.57,39.56,-0.59,2.19,0,0.0,0.0,0.0,AVOID,Unknown,48.0,5.17,NO,-16.12,NO
AMIABLE.NS,64.9,64.9,0,134611400.0,0.0,0.0,97.5,56.04999923706055,-25.27,-10.97,7.9,23.92,72.29,73.33,-3.04,3.31,0,0.0,0.0,0.0,AVOID,Unknown,48.0,5.17,NO,-7.71,NO
ASMS.NS,7.41,7.39,246109,2256913596.9252777,7.5,7.269999980926514,17.600000381469727,6.949999809265137,-13.33,-32.94,-41.97,37.81,7.78,8.08,-0.26,0.39,0,0.0,0.0,0.0,AVOID,Unknown,48.0,5.17,NO,-30.67,NO
ANNAPURNA.NS,145.05,140.9,0,5299867000.0,0.0,0.0,338.0,127.55000305175781,-15.86,-23.15,-39.42,35.51,156.24,164.81,-8.08,8.55,0,0.0,0.0,0.0,AVOID,Unknown,48.0,5.17,NO,-27.47,NO
ARENTERP.NS,37.0,37.37,1355,119652117.0,37.5099983215332,37.0,62.9900016784668,30.010000228881836,-11.86,-11.29,-25.03,41.23,39.59,39.1,-0.46,2.57,0,0.0,0.0,0.0,AVOID,Unknown,48.0,5.17,NO,-16.96,NO
ARIHANT.NS,843.35,852.35,1713,8611129501.117188,940.0,829.5999755859375,1100.0,751.0,0.0,0.0,-7.07,38.68,895.87,0.0,0.0,81.86,0,0.0,0.0,0.0,AVOID,Unknown,48.0,5.17,NO,-2.83,NO
BRNL.NS,19.85,20.26,10543,1666407532.0243835,20.489999771118164,19.559999465942383,26.5,16.65999984741211,-5.43,-3.69,-19.41,44.13,20.83,19.85,-0.02,1.11,0,0.0,0.0,0.0,AVOID,Unknown,48.0,5.17,NO,-10.5,NO
ARSHIYA.NS,1.15,1.17,191515,302997295.9682447,1.2100000381469727,1.1399999856948853,3.259999990463257,1.1399999856948853,-10.16,-9.45,-17.86,33.04,1.27,1.32,-0.04,0.07,0,0.0,0.0,0.0,AVOID,Unknown,48.0,5.17,NO,-13.03,NO
ALUWIND.NS,48.5,49.15,0,1562902718.0,0.0,0.0,95.80000305175781,45.150001525878906,-17.8,-20.16,-42.87,35.72,52.8,55.86,-2.32,2.28,0,0.0,0.0,0.0,AVOID,Unknown,48.0,5.17,NO,-28.54,NO
ALLETEC.NS,152.0,146.2,0,6951845088.0,0.0,0.0,475.5,115.80000305175781,-11.63,-15.44,-36.27,43.84,160.97,157.4,-3.71,9.22,0,0.0,0.0,0.0,AVOID,Unknown,48.0,5.17,NO,-22.63,NO
AVROIND.NS,10.11,10.12,78812,1356472807.9359055,10.649999618530273,10.0,20.200000762939453,10.010000228881836,-22.46,-23.51,-21.18,33.25,11.68,12.12,-0.6,0.8,0,0.0,0.0,0.0,AVOID,Unknown,48.0,5.17,NO,-22.26,NO
AVPINFRA.NS,82.1,86.4,0,3575772480.0,0.0,0.0,218.0,77.0,-22.84,-30.69,-43.22,36.25,92.19,94.33,-3.66,4.13,0,0.0,0.0,0.0,AVOID,Unknown,48.0,5.17,NO,-33.35,NO
AVONMORE.NS,10.75,11.19,241205,3033485965.75,11.390000343322754,10.670000076293945,23.899999618530273,10.0,-12.46,-27.56,-43.0,37.38,11.88,12.15,-0.39,0.73,0,0.0,0.0,0.0,AVOID,Unknown,48.0,5.17,NO,-29.21,NO
BAJAJHCARE.NS,296.85,288.55,97048,9992761123.310577,298.6000061035156,284.0,608.9000244140625,272.3500061035156,-9.65,-20.86,-31.08,42.88,313.75,314.89,-10.33,14.43,0,0.0,0.0,0.0,AVOID,Unknown,48.0,5.17,NO,-21.58,NO
AXITA.NS,7.86,7.87,175464,3006413368.4486365,7.980000019073486,7.809999942779541,12.199999809265137,7.263636112213135,-13.25,-16.54,8.08,29.56,8.09,8.51,-0.2,0.32,0,0.0,0.0,0.0,AVOID,Unknown,48.0,5.17,NO,-5.7,NO
BAIDFIN.NS,9.96,10.28,197578,1542685551.6285124,10.479999542236328,9.520000457763672,14.100000381469727,8.800000190734863,-10.51,-17.21,-3.3,35.6,11.19,10.95,-0.09,0.69,0,0.0,0.0,0.0,AVOID,Unknown,48.0,5.17,NO,-9.64,NO
BCONCEPTS.NS,219.51,218.5,2280,2739896751.705002,225.0,215.0,449.0,196.8000030517578,-11.17,-26.99,-34.31,37.04,236.75,236.87,-6.68,13.07,0,0.0,0.0,0.0,AVOID,Unknown,48.0,5.17,NO,-25.17,NO
AIROLAM.NS,82.31,84.16,419,1234814583.3740234,85.80000305175781,82.19999694824219,137.0399932861328,79.4000015258789,-5.36,-11.56,-20.7,39.9,85.15,85.54,-0.54,3.76,0,0.0,0.0,0.0,AVOID,Unknown,48.0,5.17,NO,-13.36,NO
AHLADA.NS,39.88,39.25,10182,515289493.80111694,40.290000915527344,39.75,81.0,31.219999313354492,-16.39,-21.23,-26.23,36.18,44.21,42.39,-0.83,2.67,0,0.0,0.0,0.0,AVOID,Unknown,48.0,5.17,NO,-21.78,NO
BHAGERIA.NS,152.68,151.87,6638,6663593082.7404785,153.7899932861328,148.50999450683594,244.60000610351562,127.51000213623047,-4.87,-4.57,-19.28,40.72,164.21,155.44,-1.4,6.75,0,0.0,0.0,0.0,AVOID,Unknown,48.0,5.17,NO,-10.54,NO
AEPL.NS,16.03,16.18,2218,4024121679.3733597,16.389999389648438,16.010000228881836,20.25,13.25,-16.94,0.0,-11.87,34.98,17.65,0.0,-0.56,0.92,0,0.0,0.0,0.0,AVOID,Unknown,48.0,5.17,NO,-9.83,NO
BELLACASA.NS,234.0,234.9,7158,3132675000.0,235.0,227.89999389648438,497.3500061035156,220.25,-12.89,-25.95,-42.9,33.58,254.89,262.64,-9.24,13.36,0,0.0,0.0,0.0,AVOID,Unknown,48.0,5.17,NO,-28.81,NO
AGARIND.NS,402.9,403.75,28320,6026493096.804901,410.3999938964844,397.0,1081.0,360.0,-9.49,-43.65,-48.36,41.08,430.58,422.91,-8.53,24.07,0,0.0,0.0,0.0,AVOID,Unknown,48.0,5.17,NO,-35.29,NO
AGRITECH.NS,108.0,107.14,403,641520000.0,109.69999694824219,106.61000061035156,187.19000244140625,92.5199966430664,-9.11,-22.18,-13.15,42.85,110.98,109.83,-1.44,5.22,0,0.0,0.0,0.0,AVOID,Unknown,48.0,5.17,NO,-14.65,NO
ADVENTHTL.NS,142.24,150.57,164641,7672836543.197128,148.0,140.66000366210938,345.04998779296875,121.3499984741211,-12.59,-35.67,-44.91,39.22,155.8,155.92,-3.18,9.3,0,0.0,0.0,0.0,AVOID,Unknown,48.0,5.17,NO,-32.44,NO
ADVANCE.NS,100.4,100.62,24230,6454286386.092224,101.08000183105469,99.0,154.0,84.0999984741211,-6.68,-25.55,-25.48,37.91,108.99,104.27,-1.7,4.68,0,0.0,0.0,0.0,AVOID,Unknown,48.0,5.17,NO,-19.86,NO
ADROITINFO.NS,9.12,9.16,78920,522288075.0461483,9.630000114440918,8.930000305175781,12.489999771118164,7.550000190734863,-5.59,-8.43,-13.96,42.24,9.77,9.48,-0.08,0.73,0,0.0,0.0,0.0,AVOID,Unknown,48.0,5.17,NO,-9.79,NO
BIOFILCHEM.NS,31.7,31.88,3679,515879472.4159241,32.0,31.260000228881836,57.189998626708984,25.600000381469727,-6.68,-16.27,-18.72,40.6,33.3,31.91,-0.15,1.6,0,0.0,0.0,0.0,AVOID,Unknown,48.0,5.17,NO,-14.37,NO
BIL.NS,706.5,719.4,807,9474455371.5,730.0,691.0,984.75,602.0,-9.05,-25.66,-13.87,37.6,750.8,735.64,-9.79,34.57,0,0.0,0.0,0.0,AVOID,Unknown,48.0,5.17,NO,-15.96,NO
ABCOTS.NS,218.44,219.75,15383,4797733206.422119,219.35000610351562,214.83999633789062,504.0,213.5800018310547,-45.5,-50.12,-47.82,16.0,236.9,337.34,-36.77,14.68,0,0.0,0.0,0.0,AVOID,Unknown,48.0,5.17,NO,-47.81,NO
BLUEPEBBLE.NS,90.2,94.9,0,1077324000.0,0.0,0.0,218.0,88.0,-34.64,-38.53,-15.42,20.93,116.1,119.63,-8.4,5.7,0,0.0,0.0,0.0,AVOID,Unknown,48.0,5.17,NO,-28.12,NO
BMETRICS.NS,37.5,36.5,0,1526926080.0,0.0,0.0,56.900001525878906,34.099998474121094,-7.52,-6.25,-18.48,40.04,40.38,40.27,-0.53,1.51,0,0.0,0.0,0.0,AVOID,Unknown,48.0,5.17,NO,-11.52,NO
